SHOW,SEASON,538_NAME,FULL_NAME,ELIMINATION-1,ELIMINATION-2,ELIMINATION-3,ELIMINATION-4,ELIMINATION-5,ELIMINATION-6,ELIMINATION-7,ELIMINATION-8,ELIMINATION-9,ELIMINATION-10,DATES-1,DATES-2,DATES-3,DATES-4,DATES-5,DATES-6,DATES-7,DATES-8,DATES-9,DATES-10
Bachelor,1,01_ALEXA_X,Alexa,,E,,,,,,,,,,D5,,,,,,,,
Bachelor,1,01_AMANDA_M,Amanda Marsh,,,,,,W,,,,,,D5,D1,D1,D1,D1,,,,
Bachelor,1,01_AMBER_X,Amber,E,,,,,,,,,,,,,,,,,,,
Bachelor,1,01_AMY_X,Amy,,E,,,,,,,,,,D5,,,,,,,,
Bachelor,1,01_ANGELA_X,Angela,,E,,,,,,,,,,D5,,,,,,,,
Bachelor,1,01_ANGELIQUE_X,Angelique,,E,,,,,,,,,,D5,,,,,,,,
Bachelor,1,01_CATHY_G,Cathy Grimes,,,E,,,,,,,,,D5,D4,,,,,,,
Bachelor,1,01_CHRISTINA_X,Christina,,,E,,,,,,,,,D5,D4,,,,,,,
Bachelor,1,01_DANIELA_X,Daniela,E,,,,,,,,,,,,,,,,,,,
Bachelor,1,01_DENISE_X,Denise,E,,,,,,,,,,,,,,,,,,,
Bachelor,1,01_JACKIE_X,Jackie,E,,,,,,,,,,,,,,,,,,,
Bachelor,1,01_JILL_X,Jill,E,,,,,,,,,,,,,,,,,,,
Bachelor,1,01_KATIE_X,Katie,,E,,,,,,,,,,D5,,,,,,,,
Bachelor,1,01_KIM_X,Kim,,,,E,,,,,,,,D5,D4,D1,,,,,,
Bachelor,1,01_KRISTINA_X,Kristina,E,,,,,,,,,,,,,,,,,,,
Bachelor,1,01_LANEASE_A,LaNease Adams,,,E,,,,,,,,,D5,D4,,,,,,,
Bachelor,1,01_LISA_X,Lisa,E,,,,,,,,,,,,,,,,,,,
Bachelor,1,01_MELISSA_X,Melissa,,E,,,,,,,,,,D5,,,,,,,,
Bachelor,1,01_PAULA_X,Paula,E,,,,,,,,,,,,,,,,,,,
Bachelor,1,01_RACHEL_X,Rachel,E,,,,,,,,,,,,,,,,,,,
Bachelor,1,01_RHONDA_X,Rhonda,,,E,,,,,,,,,D5,D4,,,,,,,
Bachelor,1,01_SHANNON_O,Shannon Oliver,,,,,E,,,,,,,D5,D1,D1,D1,,,,,
Bachelor,1,01_TINA_X,Tina,,E,,,,,,,,,,D5,,,,,,,,
Bachelor,1,01_TRISTA_R,Trista Rehn,,,,,,E,,,,,,D5,D1,D1,D1,D1,,,,
Bachelor,1,01_WENDI_X,Wendi,E,,,,,,,,,,,,,,,,,,,
Bachelorette,1,01_BILLY_X,Billy,E,,,,,,,,,,,,,,,,,,,
Bachelorette,1,01_BOB_G,Bob Guiney,,,E,,,,,,,,,D14,D5,,,,,,,
Bachelorette,1,01_BRIAN_C,Brian C.,,E,,,,,,,,,,D14,,,,,,,,
Bachelorette,1,01_BRIAN_H,Brian H.,,EQ,,,,,,,,,,D14,,,,,,,,
Bachelorette,1,01_BRIAN_K,Brian K.,E,,,,,,,,,,,,,,,,,,,
Bachelorette,1,01_BRIAN_S,Brian S.,,E,,,,,,,,,,D14,,,,,,,,
Bachelorette,1,01_BROOK_X,Brook,,E,,,,,,,,,,D14,,,,,,,,
Bachelorette,1,01_CHARLIE_M,Charlie Maher,,,,,,E,,,,,,D14,D1,D1,D1,D1,,,,
Bachelorette,1,01_CHRIS_X,Chris,E,,,,,,,,,,,,,,,,,,,
Bachelorette,1,01_DUANE_X,Duane,E,,,,,,,,,,,,,,,,,,,
Bachelorette,1,01_ERIC_X,Eric,E,,,,,,,,,,,,,,,,,,,
Bachelorette,1,01_GREG_T,Greg T.,,,,E,,,,,,,,D14,D5,D1,,,,,,
Bachelorette,1,01_GREGG_H,Gregg H.,E,,,,,,,,,,,,,,,,,,,
Bachelorette,1,01_JACK_X,Jack,,E,,,,,,,,,,D14,,,,,,,,
Bachelorette,1,01_JAMIE_B,Jamie Blyth,,,E,,,,,,,,,D14,D5,,,,,,,
Bachelorette,1,01_JEFF_X,Jeff,,E,,,,,,,,,,D14,,,,,,,,
Bachelorette,1,01_JOSH_X,Josh,,E,,,,,,,,,,D14,,,,,,,,
Bachelorette,1,01_MATT_X,Matt,E,,,,,,,,,,,,,,,,,,,
Bachelorette,1,01_MIKE_X,Mike,,,E,,,,,,,,,D14,D5,,,,,,,
Bachelorette,1,01_PAUL_X,Paul,E,,,,,,,,,,,,,,,,,,,
Bachelorette,1,01_PETER_X,Peter,E,,,,,,,,,,,,,,,,,,,
Bachelorette,1,01_ROB_X,Rob,,,E,,,,,,,,,D14,D5,,,,,,,
Bachelorette,1,01_RUSS_X,Russ,,,,,E,,,,,,,D14,D1,D1,D1,,,,,
Bachelorette,1,01_RYAN_S,Ryan Sutter,,,,,,W,,,,,,D14,D1,D1,D1,D1,,,,
Bachelorette,1,01_WAYNE_X,Wayne,E,,,,,,,,,,,,,,,,,,,
Bachelor,2,02_AMBER_X,Amber,E,,,,,,,,,,,,,,,,,,,
Bachelor,2,02_ANGELA_X,Angela,,,,,E,,,,,,,D5,D5,D3,D1,,,,,
Bachelor,2,02_ANINDITA_X,Anindita,,EQ,,,,,,,,,,D5,,,,,,,,
Bachelor,2,02_BROOKE_S,Brooke Smith,,,,,,,E,,,,,D5,D1,D3,D1,D1,,,,
Bachelor,2,02_CAMILLE_X,Camille,E,,,,,,,,,,,,,,,,,,,
Bachelor,2,02_CARI_X,Cari,E,,,,,,,,,,,,,,,,,,,
Bachelor,2,02_CHRISTI_X,Christi Weible,,,E,,,,,,,,,D5,D5,,,,,,,
Bachelor,2,02_CHRISTY_X,Christy,E,,,,,,,,,,,,,,,,,,,
Bachelor,2,02_DANA_X,Dana,,E,,,,,,,,,,D5,,,,,,,,
Bachelor,2,02_ERIN_P,Erin (Pennsylvania),,E,,,,,,,,,,D5,,,,,,,,
Bachelor,2,02_ERIN_T,Erin (Texas),E,,,,,,,,,,,,,,,,,,,
Bachelor,2,02_FATIMA_X,Fatima,E,,,,,,,,,,,,,,,,,,,
Bachelor,2,02_FRANCES_X,Frances,,EQ,,,,,,,,,,D5,,,,,,,,
Bachelor,2,02_GWEN_G,Gwen Gioia,,,,,,E,,,,,,D5,D3,D1,D1,D1,,,,
Bachelor,2,02_HAYLEY_X,Hayley,,,,E,,,,,,,,D5,D3,D3,,,,,,
Bachelor,2,02_HEATHER_C,Heather Cranford,,,,E,,,,,,,,D5,D5,D1,,,,,,
Bachelor,2,02_HEATHER_X,Heather,,,E,,,,,,,,,D5,D5,,,,,,,
Bachelor,2,02_HELENE_E,Helene Eksterowicz,,,,,,,W,,,,,D5,D1,D1,D1,D1,D1,,,
Bachelor,2,02_KYLA_X,Kyla,,,E,,,,,,,,,D5,D3,,,,,,,
Bachelor,2,02_LIANGY_X,Liangy,E,,,,,,,,,,,,,,,,,,,
Bachelor,2,02_LORI_X,Lori,E,,,,,,,,,,,,,,,,,,,
Bachelor,2,02_MERILEE_X,Merrilee,E,,,,,,,,,,,,,,,,,,,
Bachelor,2,02_SHANNON_X,Shannon,,,E,,,,,,,,,D5,D5,,,,,,,
Bachelor,2,02_SUZANNE_X,Suzanne,,E,,,,,,,,,,D5,,,,,,,,
Bachelor,2,02_SUZI_X,Suzi,E,,,,,,,,,,,,,,,,,,,
Bachelorette,2,02_AARON_X,Aaron,E,,,,,,,,,,,,,,,,,,,
Bachelorette,2,02_ANDY_C,Andy Chang,E,,,,,,,,,,,,,,,,,,,
Bachelorette,2,02_ANSELM_C,Anselm Clinard,E,,,,,,,,,,,,,,,,,,,
Bachelorette,2,02_BRAD_X,Brad,,,,E,,,,,,,,D7,D7,D4,,,,,,
Bachelorette,2,02_BRIAN_X,Brian,E,,,,,,,,,,,,,,,,,,,
Bachelorette,2,02_CHAD_X,Chad,,,,,,E,,,,,,D7,D7,D1,D1,D1,,,,
Bachelorette,2,02_CHRIS_X,Chris,E,,,,,,,,,,,,,,,,,,,
Bachelorette,2,02_CORY_H,Cory Higgins,E,,,,,,,,,,,,,,,,,,,
Bachelorette,2,02_DAMON_X,Damon,,E,,,,,,,,,,D7,,,,,,,,
Bachelorette,2,02_ELIOT_X,Eliot,,E,,,,,,,,,,D7,,,,,,,,
Bachelorette,2,02_HAROLD_H,Harold Hersh,,E,,,,,,,,,,D7,,,,,,,,
Bachelorette,2,02_IAN_M,Ian McKee,,,,,,,W,,,,,D7,D1,D4,D1,D1,D1,,,
Bachelorette,2,02_JEFF_O,Jeff O'Quinn,E,,,,,,,,,,,,,,,,,,,
Bachelorette,2,02_JUSTIN_X,Justin,E,,,,,,,,,,,,,,,,,,,
Bachelorette,2,02_KEITH_X,Keith,E,,,,,,,,,,,,,,,,,,,
Bachelorette,2,02_LANNY_X,Lanny,,,,,E,,,,,,,D7,D7,D1,D1,,,,,
Bachelorette,2,02_MARCUS_X,Marcus,,E,,,,,,,,,,D7,,,,,,,,
Bachelorette,2,02_MATTHEW_H,Matthew Hickl,,,,,,,E,,,,,D7,D7,D1,D1,D1,D1,,,
Bachelorette,2,02_RICK_X,Rick,,,E,,,,,,,,,D1,D7,,,,,,,
Bachelorette,2,02_ROBERT_X,Robert,,E,,,,,,,,,,D7,,,,,,,,
Bachelorette,2,02_RYAN_M,Ryan M.,,,,E,,,,,,,,D7,D2,D4,,,,,,
Bachelorette,2,02_RYAN_R,Ryan R.,,,E,,,,,,,,,D7,D7,,,,,,,
Bachelorette,2,02_SEAN_X,Sean,,,,E,,,,,,,,D7,D7,D4,,,,,,
Bachelorette,2,02_TODD_X,Todd,,,E,,,,,,,,,D7,D2,,,,,,,
Bachelorette,2,02_TREVER_X,Trever,E,,,,,,,,,,,,,,,,,,,
Bachelor,3,03_AMBER_X,Amber,,,E,,,,,,,,,D5,D1,,,,,,,
Bachelor,3,03_AMY_P,Amy P,,E,,,,,,,,,,D5,,,,,,,,
Bachelor,3,03_AMY_G,Amy G,E,,,,,,,,,,,D5,,,,,,,,
Bachelor,3,03_ANGELA_X,Angela,E,,,,,,,,,,,,,,,,,,,
Bachelor,3,03_ANNE_MICHELLE_X,Anne-Michelle,,,,E,,,,,,,,D5,D3,D1,,,,,,
Bachelor,3,03_AUDREE_X,Audree,,,E,,,,,,,,,D5,D5,,,,,,,
Bachelor,3,03_BROOKE_X,Brooke,E,,,,,,,,,,,,,,,,,,,
Bachelor,3,03_CHRISTINA_S,Christina S,,EQ,,,,,,,,,,D5,,,,,,,,
Bachelor,3,03_COURTNEY_X,Courtney,E,,,,,,,,,,,,,,,,,,,
Bachelor,3,03_CRISTINA_C,Cristina C,,,,E,E,,,,,,,D5,D3,D3,D1,,,,,
Bachelor,3,03_ELIZABETH_X,Elizabeth,,E,,,,,,,,,,D5,,,,,,,,
Bachelor,3,03_GINNY_X,Ginny,E,,,,,,,,,,,,,,,,,,,
Bachelor,3,03_HEATHER_X,Heather,,,E,,,,,,,,,D5,D5,,,,,,,
Bachelor,3,03_JEN_S,Jen Schefft,,,,,,,W,,,,,D5,D5,D1,D1,D1,D1,,,
Bachelor,3,03_JENNIFER_B,Jennifer B,E,,,,,,,,,,,,,,,,,,,
Bachelor,3,03_KERRI_X,Kerri,E,,,,,,,,,,,,,,,,,,,
Bachelor,3,03_KIRSTEN_X,Kirsten,,,,,,,E,,,,,D5,D1,D1,D1,D1,D1,,,
Bachelor,3,03_KRISTEN_X,Kristen,E,,,,,,,,,,,,,,,,,,,
Bachelor,3,03_LIZ_X,Liz,,,,E,,,,,,,,D5,D3,D3,,,,,,
Bachelor,3,03_RACHEL_X,Rachel,,E,,,,,,,,,,D5,,,,,,,,
Bachelor,3,03_SHANNON_X,Shannon,,E,,,,,,,,,,D5,,,,,,,,
Bachelor,3,03_STEPHANIE_X,Stephanie,E,,,,,,,,,,,,,,,,,,,
Bachelor,3,03_TIFFANY_X,Tiffany,E,,,,,,,,,,,,,,,,,,,
Bachelor,3,03_TINA_P,Tina P,,,,,,E,,,,,,D5,D5,D3,D1,D1,,,,
Bachelor,3,03_TINA_S,Tina S,,,E,,,,,,,,,D5,D5,,,,,,,
Bachelorette,3,03_A.W.,A.W.,,E,,,,,,,,,,D7,,,,,,,,
Bachelorette,3,03_ANDREW,Andrew,E,,,,,,,,,,,,,,,,,,,
Bachelorette,3,03_ANDY_L,Andy LeRoy,E,,,,,,,,,,,,,,,,,,,
Bachelorette,3,03_BEN_S,Ben S.,,,,E,,,,,,,,D7,D6,D4,,,,,,
Bachelorette,3,03_CHRIS_C,Chris C.,E,,,,,,,,,,,,,,,,,,,
Bachelorette,3,03_CHRIS_M,Chris M.,E,,,,,,,,,,,,,,,,,,,
Bachelorette,3,03_COLLIN_E,Collin E.,E,,,,,,,,,,,,,,,,,,,
Bachelorette,3,03_DAVID_V,David V.,E,,,,,,,,,,,,,,,,,,,
Bachelorette,3,03_ERIC_H,Eric H.,E,,,,,,,,,,,,,,,,,,,
Bachelorette,3,03_ERIC_T,Eric T.,E,,,,,,,,,,,,,,,,,,,
Bachelorette,3,03_FABRICE_L,Fabrice L.,,,,EQ,,,,,,,,D7,D1,D4,,,,,,
Bachelorette,3,03_JASON_I,Jason I.,,E,,,,,,,,,,D7,,,,,,,,
Bachelorette,3,03_JERRY_F,Jerry F.,,,,,,,,W,,,,D7,D6,D1,D1,D1,D1,,,
Bachelorette,3,03_JOHN PAUL_M,John Paul,,,,,,,E,,,,,D7,D1,D4,D1,D1,D1,,,
Bachelorette,3,03_JOSH_C,Josh Cox,,,E,,,,,,,,,D7,D6,,,,,,,
Bachelorette,3,03_KEITH,Keith,R1,,E,,,,,,,,,D1,D6,,,,,,,
Bachelorette,3,03_KEVIN,Kevin,E,,,,,,,,,,,,,,,,,,,
Bachelorette,3,03_MARK,Mark,,E,,,,,,,,,,D7,,,,,,,,
Bachelorette,3,03_MATT_L,Matt L.,E,,,,,,,,,,,,,,,,,,,
Bachelorette,3,03_MATT_M,Matt M.,,E,,,,,,,,,,D7,,,,,,,,
Bachelorette,3,03_MICHAEL_F,Michael Foster,,E,,,,,,,,,,D7,,,,,,,,
Bachelorette,3,03_RYAN_SH,Ryan Sh.,,,,,,E,,,,,,D7,D6,D1,D1,D1,,,,
Bachelorette,3,03_RYAN_SM,Ryan Sm.,,E,,,,,,,,,,D7,,,,,,,,
Bachelorette,3,03_STU_L,Stu L.,,E,,,,,,,,,,D7,,,,,,,,
Bachelorette,3,03_WENDELL_J,Wendell J.,,,,,E,,,,,,,D7,D6,D4,D1,,,,,
Bachelor,4,04_ANTOINETTE,Antoinette,,,E,,,,,,,,,D6,D5,,,,,,,
Bachelor,4,04_BROOKE,Brooke,,,,E,,,,,,,,D4,D5,D3,,,,,,
Bachelor,4,04_CHRISTINE,Christine,,E,,,,,,,,,,D5,,,,,,,,
Bachelor,4,04_DARLA,Darla,E,,,,,,,,,,,,,,,,,,,
Bachelor,4,04_ESTELLA,Estella,,,,,,,W,,,,,D5,D5,D1,D1,D1,D1,,,
Bachelor,4,04_HEATHER,Heather,E,,,,,,,,,,,,,,,,,,,
Bachelor,4,04_JENN,Jenn,,E,,,,,,,,,,D5,,,,,,,,
Bachelor,4,04_JENNY,Jenny,,,E,,,,,,,,,D6,D5,,,,,,,
Bachelor,4,04_JULIE,Julie,E,,,,,,,,,,,,,,,,,,,
Bachelor,4,04_KARIN,Karin,,,E,,,,,,,,,D4,D5,,,,,,,
Bachelor,4,04_KELLY-JO,Kelly Jo,,,,,,,E,,,,,D4,D3,D1,D1,D1,D1,,,
Bachelor,4,04_KRISTI,Kristi,E,,,,,,,,,,,,,,,,,,,
Bachelor,4,04_LANAH,Lanah,,E,,,,,,,,,,D6,,,,,,,,
Bachelor,4,04_LAUREN,Lauren,E,,,,,,,,,,,,,,,,,,,
Bachelor,4,04_LEE-ANN,Lee-Ann,,,,E,,,,,,,,D6,D1,D3,,,,,,
Bachelor,4,04_LEONA,Leona,E,,,,,,,,,,,,,,,,,,,
Bachelor,4,04_LINDSAY,Lindsay,,E,,,,,,,,,,D6,,,,,,,,
Bachelor,4,04_LINDSAY_CLIPPERS,Lindsay,,ED,,,,,,,,,,D5,,,,,,,,
Bachelor,4,04_MARY,Mary,,,,,,E,,,,,,D6,D3,D1,D1,D1,,,,
Bachelor,4,04_MEREDITH,Meredith,,,,,E,,,,,,,D4,D1,D3,D1,,,,,
Bachelor,4,04_MISTY,Misty,,,E,,,,,,,,,D5,D3,,,,,,,
Bachelor,4,04_SAMENTHA,Samantha,E,,,,,,,,,,,,,,,,,,,
Bachelor,4,04_SHEA,Shea,E,,,,,,,,,,,,,,,,,,,
Bachelor,4,04_SHELLY,Shelly,E,,,,,,,,,,,,,,,,,,,
Bachelor,4,04_STACEY,Stacey,E,,,,,,,,,,,,,,,,,,,
Bachelorette,4,04_BLAINE_T,Blaine Twilley,,,,,E,,,,,,,D7,D10,D6,D4,,,,,
Bachelorette,4,04_BRIAN_T,Brian Westendorf,,,,E,,,,,,,,D7,D10,D6,,,,,,
Bachelorette,4,04_BRIAN_W,Brian Winchester,E,,,,,,,,,,,,,,,,,,,
Bachelorette,4,04_CHANDLER_F,Chandler Fulton,E,,,,,,,,,,,,,,,,,,,
Bachelorette,4,04_CHRISTOPHER_B,"Christopher ""Chris"" Bradshaw",,E,,,,,,,,,,D7,,,,,,,,
Bachelorette,4,04_DONATO_C,Donato Capodanno,E,,,,,,,,,,,,,,,,,,,
Bachelorette,4,04_ERIC_P,Eric Papachristos,,E,,,,,,,,,,D7,,,,,,,,
Bachelorette,4,04_FREDERICK_G,"Frederick ""Fred"" Greif",,,R,ED,,,,,,,,D7,D10,D2,,,,,,
Bachelorette,4,04_GRAHAM_B,Graham Bunn,,R,,,,E,,,,,,D1,D10,D6,D4,D1,,,,
Bachelorette,4,04_GREGORY_M,"Gregory ""Greg"" Matthew",E,,,,,,,,,,,,,,,,,,,
Bachelorette,4,04_JASON_M,Jason Mesnick,,,R,,,,,E,,,,D7,D1,D6,D4,D1,D1,D1,,
Bachelorette,4,04_JEFFREY_H,Jeffrey Harris,E,,,,,,,,,,,,,,,,,,,
Bachelorette,4,04_JEREMY_A,Jeremy Anderson,R1,R,,,,,E,,,,,D7,D10,D6,D1,D1,D1,,,
Bachelorette,4,04_JESSE_C,Jesse Csincsak,R1,,,R,,,,W,,,,D7,D10,D1,D4,D1,D1,D1,,
Bachelorette,4,04_JONATHAN_K,"Jonathan ""Jon"" Konkel",E,,,,,,,,,,,,,,,,,,,
Bachelorette,4,04_LUKE_H,Luke Hamilton,E,,,,,,,,,,,,,,,,,,,
Bachelorette,4,04_PATRICK_C,Patrick Carlson,E,,,,,,,,,,,,,,,,,,,
Bachelorette,4,04_PATRICK_D,Patrick Durrere,E,,,,,,,,,,,,,,,,,,,
Bachelorette,4,04_PAUL_B,Paul Brosseau,,R,E,,,,,,,,,D7,D10,,,,,,,
Bachelorette,4,04_RICHARD_M,Richard Mathy,R1,,ED,,,,,,,,,D7,D1,,,,,,,
Bachelorette,4,04_ROBERT_F,Robert Fair,,,R,ED,,,,,,,,D7,D10,D2,,,,,,
Bachelorette,4,04_RONALD_M,Ronald Mayer,,,E,,,,,,,,,D7,D10,,,,,,,
Bachelorette,4,04_RYAN_H,Ryan Hoag,,E,,,,,,,,,,D7,,,,,,,,
Bachelorette,4,04_SEAN_R,Sean Ramey,,,,R,E,,,,,,,D7,D10,D6,D1,,,,,
Bachelorette,4,04_SPERO_S,Spero Stamboulis,E,,,,,,,,,,,,,,,,,,,
Bachelor,5,05_AMBER_L,Amber LaRoux,,E,,,,,,,,,,D8,,,,,,,,
Bachelor,5,05_ANNECATHERINE_L,Anne-Catherine Labb√©,,E,,,,,,,,,,D8,,,,,,,,
Bachelor,5,05_CELESTE_C,Celeste Creel,,E,,,,,,,,,,D7,,,,,,,,
Bachelor,5,05_DEBBIE_M,Debbie Merkett,E,,,,,,,,,,,,,,,,,,,
Bachelor,5,05_DESHAUN_W,DeShaun Warner,E,,,,,,,,,,,,,,,,,,,
Bachelor,5,05_DOLORES_F,Dolores Farburg,E,,,,,,,,,,,,,,,,,,,
Bachelor,5,05_FRANCINE_J,Francine Jones,E,,,,,,,,,,,,,,,,,,,
Bachelor,5,05_HOLLY_R,Holly Reeder,E,,,,,,,,,,,,,,,,,,,
Bachelor,5,05_JEANMARIE_C,Jean-Marie Callahan,,E,,,,,,,,,,D8,,,,,,,,
Bachelor,5,05_JENNY_M,Jenny Matthews,E,,,,,,,,,,,,,,,,,,,
Bachelor,5,05_JENNY_S,Jenny De Schiralli,,,E,,,,,,,,,D8,D6,,,,,,,
Bachelor,5,05_JESSICA_B,Jessica Bowlin,,,,,,,W,,,,,D7,D6,D1,D1,D1,D1,,,
Bachelor,5,05_JESSICA_H,Jessica Holcomb,,,E,,,,,,,,,D8,D6,,,,,,,
Bachelor,5,05_JESSICA_K,Jessica Kyron,E,,,,,,,,,,,,,,,,,,,
Bachelor,5,05_JULIE_D,Julie Durda,,,E,,,,,,,,,D7,D6,,,,,,,
Bachelor,5,05_KAREN_L,Karen Lindsay,,,,E,,,,,,,,D7,D6,D3,,,,,,
Bachelor,5,05_KATIE_G,Katie Gehart,,,E,,,,,,,,,D7,D6,,,,,,,
Bachelor,5,05_KRISTIN_C,Kristin Clearwater,E,,,,,,,,,,,,,,,,,,,
Bachelor,5,05_KRISTY_R,Kristy Romero,,E,,,,,,,,,,D8,,,,,,,,
Bachelor,5,05_MANDY_C,Mandy Clemens,,E,,,,,,,,,,D8,,,,,,,,
Bachelor,5,05_MANDY_J,Mandy Jaye Jeffreys,,,,,,E,,,,,,D7,D2,D1,D1,D1,,,,
Bachelor,5,05_RACHEL_C,Rachel Clementi,E,,,,,,,,,,,,,,,,,,,
Bachelor,5,05_SUZIE_W,Suzie Williams,,,,E,,,,,,,,D8,D1,D3,,,,,,
Bachelor,5,05_TARA_H,Tara Huckeby,,,,,,,E,,,,,D7,D1,D1,D1,D1,D1,,,
Bachelor,5,05_TRISH_S,Trish Schneider,R1,,,,E,,,,,,,D1,D2,D3,D1,,,,,
Bachelorette,5,05_ADAM_D,Adam Duvendeck,E,,,,,,,,,,,,,,,,,,,
Bachelorette,5,05_BRAD_S,Brad Seberhagen,,,E,,,,,,,,,D8,D11,,,,,,,
Bachelorette,5,05_BRIAN_D,Brian Duke,,E,,,,,,,,,,D8,,,,,,,,
Bachelorette,5,05_BRIAN_V,Bryan Vaderman,E,,,,,,,,,,,,,,,,,,,
Bachelorette,5,05_BRYCE_H,Bryce Harlow,E,,,,,,,,,,,,,,,,,,,
Bachelorette,5,05_CALEB_K,Caleb Kuhl,E,,,,,,,,,,,,,,,,,,,
Bachelorette,5,05_DAVID_G,David Good,R1,,,E,,,,,,,,D7,,D10,,,,,,
Bachelorette,5,05_ED_S,Ed Swiderski,,,R,,,,,,,W,,D8,D1,D10,D8,,D1,D1,D1,D1
Bachelorette,5,05_GREG_B,Greg Bilbro,E,,,,,,,,,,,,,,,,,,,
Bachelorette,5,05_JAKE_P,Jake Pavelka,,R,,,,E,,,,,,D1,,D10,D8,D6,,,,
Bachelorette,5,05_JESSE_K,Jesse Kovacs,,,,R,R,,E,,,,,D7,,D10,D1,D6,D1,,,
Bachelorette,5,05_JOHN_H,John Hardesty,E,,,,,,,,,,,,,,,,,,,
Bachelorette,5,05_JOHN_P,John Presser,E,,,,,,,,,,,,,,,,,,,
Bachelorette,5,05_JOSH_Y,Josh Yocam,E,,,,,,,,,,,,,,,,,,,
Bachelorette,5,05_JUAN_B,Juan Barbieri,,R,,E,,,,,,,,D7,D11,D10,,,,,,
Bachelorette,5,05_JULIEN_H,Julien Hug,,E,,,,,,,,,,,,,,,,,,
Bachelorette,5,05_KIPTYN_L,Kiptyn Locke,,,,R,,R,,,,E,,D7,D11,D1,D8,D6,D1,D1,D1,D1
Bachelorette,5,05_KYLE_Y,Kyle Yauch,E,,,,,,,,,,,,,,,,,,,
Bachelorette,5,05_MARK_H,Mark Huebner,,,,R,E,,,,,,,D7,D11,D2,D8,,,,,
Bachelorette,5,05_MATHUE_J,Mathue Johnson,,E,,,,,,,,,,D8,,,,,,,,
Bachelorette,5,05_MICHAEL_S,Michael Stagliano,,,,,R,,E,,,,,D8,D11,D10,D1,D6,D1,,,
Bachelorette,5,05_MIKE_S,Mike Steinberg,,R,,ED,,,,,,,,D7,D11,D2,,,,,,
Bachelorette,5,05_REID_R,Reid Rosenthal,,,,,,R,,,E,,,,D11,D10,D8,D1,D1,D1,D1,
Bachelorette,5,05_ROBBY_D,Robby Descant,,,R,,,ED,,,,,,,D11,D10,D8,D1,,,,
Bachelorette,5,05_SASHA_P,Sasha Petrovic,,,ED,,,,,,,,,D8,D1,,,,,,,
Bachelorette,5,05_SIMON_A,Simon Ambrose,,E,,,,,,,,,,D7,,,,,,,,
Bachelorette,5,05_STEPHEN_R,Stephen Reich,E,,,,,,,,,,,,,,,,,,,
Bachelorette,5,05_TANNER_F,Tanner Fanello,,,E,,,,,,,,,,D11,,,,,,,
Bachelorette,5,05_TANNER_P,Tanner Pope,,,,,,E,,,,,,D8,D11,D10,D8,D6,,,,
Bachelorette,5,05_WES_H,Wes Hayden,,R,,,,,,E,,,,D8,D11,D10,D8,D6,D1,D1,,
Bachelor,6,06_ABBY,Abby,E,,,,,,,,,,,,,,,,,,,
Bachelor,6,06_ALMA,Alma,E,,,,,,,,,,,,,,,,,,,
Bachelor,6,06_AMANDA,Amanda,,,E,,,,,,,,,,,,,,,,,
Bachelor,6,06_AMY,Amy,E,,,,,,,,,,,,,,,,,,,
Bachelor,6,06_ANDREA,Andrea,,,,,E,,,,,,,,D1,,,,,,,
Bachelor,6,06_ASHLEY,Ashley,,E,,,,,,,,,,,,,,,,,,
Bachelor,6,06_CAROLYN,Carolyn,E,,,,,,,,,,,,,,,,,,,
Bachelor,6,06_CHERESSE,Cheresse,,,,,,E,,,,,,D1,,,,,,,,
Bachelor,6,06_CYNTHIA,Cynthia,,,,,,,E,,,,,,,,D1,D1,D1,,,
Bachelor,6,06_ELIZABETH,Elizabeth,,,,E,,,,,,,,,,D1,,,,,,
Bachelor,6,06_HEATHER,Heather Cranford,,,E,,,,,,,,,,D2,,,,,,,
Bachelor,6,06_JAYNE,Jayne,,,,,E,,,,,,,D1,,,D1,,,,,
Bachelor,6,06_JENNIFER,Jennifer,E,,,,,,,,,,,,,,,,,,,
Bachelor,6,06_KELLY,Kelly,,E,,,,,,,,,,,,,,,,,,
Bachelor,6,06_KERRY,Kerry,E,,,,,,,,,,,,,,,,,,,
Bachelor,6,06_KRISTIE,Kristie,,,E,,,,,,,,,,,,,,,,,
Bachelor,6,06_KRISTIN,Kristin,E,,,,,,,,,,,,,,,,,,,
Bachelor,6,06_KRYSTA,Krysta,,,,E,,,,,,,,,,,,,,,,
Bachelor,6,06_LEINA,Leina,,EQ,,,,,,,,,,,,,,,,,,
Bachelor,6,06_LISA,Lisa,E,,,,,,,,,,,,,,,,,,,
Bachelor,6,06_MARY,Mary,,,,,,,,W,,,,,D2,,D1,D1,D1,D1,,
Bachelor,6,06_MELINDA,Melinda,E,,,,,,,,,,,,,,,,,,,
Bachelor,6,06_NATALIE,Natalie,,E,,,,,,,,,,,,,,,,,,
Bachelor,6,06_NICOLE,Nicole,E,,,,,,,,,,,,,,,,,,,
Bachelor,6,06_SUSIE,Susie,,,E,,,,,,,,,,,,,,,,,
Bachelor,6,06_TANYA,Tanya,,,,,,,,E,,,,,,D1,,D1,D1,D1,,
Bachelor,6,06_WENDE,Wende,,E,,,,,,,,,,,,,,,,,,
Bachelorette,6,06_CHRIS_H,Chris Hasek-Watt,,E,,,,,,,,,,D12,,,,,,,,
Bachelorette,6,06_CHRIS_L,Chris Lambton,,,,R,,,,,,ED,,,D9,D1,D6,D4,D1,D1,D1,D1
Bachelorette,6,06_CHRIS_N,Chris Nordhorn,,,,,E,,,,,,,D12,D9,,D6,,,,,
Bachelorette,6,06_CRAIG_M,Craig McKinnon,,E,,,,,,,,,,D12,,,,,,,,
Bachelorette,6,06_CRAIG_R,Craig Robinson,,,,,,E,,,,,,D12,D9,D7,D6,D4,,,,
Bachelorette,6,06_DEREK_X,Derek,E,,,,,,,,,,,,,,,,,,,
Bachelorette,6,06_DERRICK_S,Derrick Schuster,E,,,,,,,,,,,,,,,,,,,
Bachelorette,6,06_FRANK_N,Frank Neuschaefer,,R,,,,R,,,EF,,,D1,D9,D7,D6,D1,D2,D1,D1,
Bachelorette,6,06_HUNTER_W,Hunter Wagner,,,ED,,,,,,,,,D12,D1,,,,,,,
Bachelorette,6,06_JASON_W,Jason Whitehead,E,,,,,,,,,,,,,,,,,,,
Bachelorette,6,06_JAY_R,Jay Resmini,E,,,,,,,,,,,,,,,,,,,
Bachelorette,6,06_JESSE_B,Jesse Beck,,R,,E,,,,,,,,D1,D9,D7,,,,,,
Bachelorette,6,06_JOHN_C,John Crivello,,,E,,,,,,,,,,D9,,,,,,,
Bachelorette,6,06_JOHN_N,John N.,E,,,,,,,,,,,,,,,,,,,
Bachelorette,6,06_JONATHAN_N,Jonathan Novack,,,,E,,,,,,,,D12,D9,D7,,,,,,
Bachelorette,6,06_JUSTIN_R,Justin Rego,,,,,R,EF,,,,,,D12,D9,,D2,,,,,
Bachelorette,6,06_KASEY_K,Kasey Kahl,,,,,ED,,,,,,,D12,,D1,D2,,,,,
Bachelorette,6,06_KIRK_D,Kirk DeWindt,,,R,,R,,,E,,,,D12,D9,D7,D1,D4,D1,D1,,
Bachelorette,6,06_KYLE_H,Kyle Higgins,E,,,,,,,,,,,,,,,,,,,
Bachelorette,6,06_PHIL_K,Phil Kayden,E,,,,,,,,,,,,,,,,,,,
Bachelorette,6,06_ROBERT_M,Roberto Martinez,R1,,R,,,,,,,W,,,D1,D7,D6,D4,D1,D1,D1,D1
Bachelorette,6,06_STEVE_K,Steve Kocsis,,,E,,,,,,,,,D12,,,,,,,,
Bachelorette,6,06_TY_B,Ty Brown,,R,,,R,R,E,,,,,D12,,D7,D6,D1,D2,,,
Bachelorette,6,06_TYLER_M,Tyler Vermette,E,,,,,,,,,,,,,,,,,,,
Bachelorette,6,06_TYLER_V,Tyler Morrow,,E,,,,,,,,,,D12,,,,,,,,
Bachelor,7,07_ANITRA,Anitra,R,,,E,,,,,,,D5,D10,D6,D5,,,,,,
Bachelor,7,07_BRENDA,Brenda,EU,,,,,,,,,,,,,,,,,,,
Bachelor,7,07_CARRIE,Carrie,,E,,,,,,,,,D6,D10,,,,,,,,
Bachelor,7,07_DANUSHKA,Danushka,E,,,,,,,,,,D6,,,,,,,,,
Bachelor,7,07_DEBBY,Debby,EU,,,,,,,,,,,,,,,,,,,
Bachelor,7,07_EMILIE,Emilie,E,,,,,,,,,,D5,,,,,,,,,
Bachelor,7,07_GEITAN,Geitan,E,,,,,,,,,,D9,,,,,,,,,
Bachelor,7,07_GINA MARIE,Gina Marie,,E,,,,,,,,,D9,D10,,,,,,,,
Bachelor,7,07_HEATHER,Heather,EU,,,,,,,,,,,,,,,,,,,
Bachelor,7,07_JENNY,Jenny,R,,E,,,,,,,,D6,D10,D6,,,,,,,
Bachelor,7,07_KARA,Kara,,R,EU,,,,,,,,D9,D10,D1,,,,,,,
Bachelor,7,07_KATIE,Katie,EU,,,,,,,,,,,,,,,,,,,
Bachelor,7,07_KERRY,Kerry,R1,E,,,,,,,,,D6,D10,,,,,,,,
Bachelor,7,07_KIMBERLY,Kimberley,R,R,R,,E,,,,,,D6,D10,D1,D5,D1,,,,,
Bachelor,7,07_KINDLE,Kindle,R,,,E,,,,,,,D5,D10,D6,D5,,,,,,
Bachelor,7,07_KRISILY,Krisily,R,,,,,,EU,,,,D9,D10,D6,D5,D1,D1,D1,,,
Bachelor,7,07_KRISTEN,Kristen,E,,,,,,,,,,D5,,,,,,,,,
Bachelor,7,07_KRISTINA,Kristina,EU,,,,,,,,,,,,,,,,,,,
Bachelor,7,07_KRISTINE,Kristine,E,,,,,,,,,,D9,,,,,,,,,
Bachelor,7,07_KYSHAWN,Kyshawn,E,,,,,,,,,,D9,,,,,,,,,
Bachelor,7,07_MEGAN,Megan,,EU,,,,,,,,,D5,D1,,,,,,,,
Bachelor,7,07_SARAH B.,Sarah B.,,,,R,,,W,,,,D9,D10,D6,D1,D1,D1,D1,,,
Bachelor,7,07_SARAH W.,Sarah W.,R1,R,,,,E,,,,,D9,D1,D6,D5,D1,D1,,,,
Bachelor,7,07_SIOMARA,Siomara,E,,,,,,,,,,D9,,,,,,,,,
Bachelor,7,07_VALERIE,Valerie,E,,,,,,,,,,D6,,,,,,,,,
Bachelorette,7,07_AMES_B,Ames Brown,,,,R,,,,E,,,,,D10,D1,D8,D6,D3,D1,,
Bachelorette,7,07_ANTHONY_S,Anthony Santucci,E,,,,,,,,,,,,,,,,,,,
Bachelorette,7,07_BEN_C,Ben Castoriano,,,R,,ED,,,,,,,,D1,D10,D2,,,,,
Bachelorette,7,07_BEN_F,Ben Flajnik,,,,R,R,,,,,E,,D6,D10,D10,D1,D6,D1,D1,D1,D1
Bachelorette,7,07_BENTLEY_W,Bentley Williams,,R,EQ,,,,,,,,,D6,D10,,,,,,,
Bachelorette,7,07_BLAKE_J,Blake Julian,,,,,R,E,,,,,,D6,D10,D10,D8,D6,,,,
Bachelorette,7,07_CHRIS_D,Chris Drish,,,E,,,,,,,,,,D10,,,,,,,
Bachelorette,7,07_CHRIS_M,Chris Malhomme,E,,,,,,,,,,,,,,,,,,,
Bachelorette,7,07_CONSTANTINE_T,Constantine Tzortzis,,,,R,,,,,EQ,,,,,D1,D8,D6,D1,D1,D1,
Bachelorette,7,07_FRANK_C,Frank Carpenter,E,,,,,,,,,,,,,,,,,,,
Bachelorette,7,07_JEFF_M,Jeff Medolla,,,E,,,,,,,,,,D10,,,,,,,
Bachelorette,7,07_JON_E,Jon Ellsworth,E,,,,,,,,,,,,,,,,,,,
Bachelorette,7,07_JP_R,J.P. Rosenbaum,,,R,,,R,R,,,W,,,D1,D10,D8,D1,D3,D1,D1,D1
Bachelorette,7,07_LUCAS_D,Lucas Daniels,,,,,,R,E,,,,,D6,D10,D10,D8,D1,D3,,,
Bachelorette,7,07_MATT_C,Matt Colombo,,E,,,,,,,,,,,,,,,,,,
Bachelorette,7,07_MICHAEL_B,Michael Burns,E,,,,,,,,,,,,,,,,,,,
Bachelorette,7,07_NICK_P,Nick Peterson,,,,,E,,,,,,,D6,D10,D10,D8,,,,,
Bachelorette,7,07_ROB_D,Rob Dahm,E,,,,,,,,,,,,,,,,,,,
Bachelorette,7,07_RYAN_ML,"Ryan ""Mickey"" McLean",,R,,,,EQ,,,,,,D1,,D10,D8,D6,,,,
Bachelorette,7,07_RYAN_MI,Ryan Miller,,E,,,,,,,,,,,,,,,,,,
Bachelorette,7,07_RYAN_P,Ryan Park,R1,,R,,,R,ED,,,,,,D10,D10,D8,D6,D1,,,
Bachelorette,7,07_STEPHEN_D,Stephen D'Amico,,E,,,,,,,,,,,,,,,,,,
Bachelorette,7,07_TIM_M,Tim McCormack,EU,,,,,,,,,,,,,,,,,,,
Bachelorette,7,07_WEST_L,West Lee,,,,E,,,,,,,,D6,,D10,,,,,,
Bachelorette,7,07_WILLIAM_H,William Holman,,R,,,ED,,,,,,,D1,D10,D10,D2,,,,,
Bachelor,8,08_ALI_D,Ali D,E,,,,,,,,,,,,,,,,,,,
Bachelor,8,08_ALLIE_G,Allie G,E,,,,,,,,,,,,,,,,,,,
Bachelor,8,08_APRIL,April,E,,,,,,,,,,,,,,,,,,,
Bachelor,8,08_COLE,Cole,,E,,,,,,,,,,D12,,,,,,,,
Bachelor,8,08_CORTNEY,Cortney,E,,,,,,,,,,,,,,,,,,,
Bachelor,8,08_ELIZABETH,Elizabeth,,E,,,,,,,,,,D12,,,,,,,,
Bachelor,8,08_JAIME,Jaime,E,,,,,,,,,,,,,,,,,,,
Bachelor,8,08_JEHAN,Jehan,,R,,E,,,,,,,,D12,D5,D1,,,,,,
Bachelor,8,08_JENNIFER,Jennifer,,,ED,,,,,,,,,"D6, D12",D2,,,,,,,
Bachelor,8,08_KATHY,Kathy,E,,,,,,,,,,,,,,,,,,,
Bachelor,8,08_KRISTEN,Kristen,,ED,,,,,,,,,,"D1, D12",,,,,,,,
Bachelor,8,08_KYLE,Kyle,E,,,,,,,,,,,,,,,,,,,
Bachelor,8,08_LISA,Lisa,E,,,,,,,,,,,,,,,,,,,
Bachelor,8,08_LIZA,Liza,E,,,,,,,,,,,,,,,,,,,
Bachelor,8,08_MOANA,Moana,,,R,,,,E,,,,,"D6, D12",D5,D4,D1,D1,D1,,,
Bachelor,8,08_PRINCESS,Princess,E,,,,,,,,,,,,,,,,,,,
Bachelor,8,08_SARA_H,Sara H,E,,,,,,,,,,,,,,,,,,,
Bachelor,8,08_SARAH_B,Sarah B,,,R,,E,,,,,,,"D6, D12",D2,D4,D1,,,,,
Bachelor,8,08_SARAH_S,Sarah S,,,,R,,,W,,,,,D12,D5,D1,D1,D1,D1,,,
Bachelor,8,08_SHILOH,Shiloh,,,E,,,,,,,,,"D6, D12",D5,,,,,,,
Bachelor,8,08_STEPHANIE,Stephanie,E,,,,,,,,,,,,,,,,,,,
Bachelor,8,08_SUSAN,Susan,,,R,,,E,,,,,,"D6, D12",D1,D4,D1,D1,,,,
Bachelor,8,08_TARA,Tara,,R,,E,,,,,,,,"D6, D12",D5,D4,,,,,,
Bachelor,8,08_VENUS,Venus,E,,,,,,,,,,,,,,,,,,,
Bachelor,8,08_YVONNE,Yvonne,,E,,,,,,,,,,D12,,,,,,,,
Bachelorette,8,08_AARON_M,Aaron Martell,,E,,,,,,,,,,D13,,,,,,,,
Bachelorette,8,08_ALEJANDRO_V,Alejandro Velez,,,,,E,,,,,,,D13,D12,,D8,,,,,
Bachelorette,8,08_ALESSANDRO_G,Alessandro Goulart,,,EU,,,,,,,,,D13,D12,,,,,,,
Bachelorette,8,08_ARIE_L,"Arie Luyendyk, Jr.",,,R,,,,,,,ED,,,D1,D8,D8,D6,D1,D1,D1,
Bachelorette,8,08_BRENT_R,Brent Richter,E,,,,,,,,,,,,,,,,,,,
Bachelorette,8,08_CHARLIE_G,Charlie Grogan,,,,E,,,,,,,,D13,D12,D8,,,,,,
Bachelorette,8,08_CHRIS_B,Chris Bukowski,,,R,,,R,,E,,,,D13,D1,D8,D8,D6,D3,D1,,
Bachelorette,8,08_DAVID_H,David Homyk,E,,,,,,,,,,,,,,,,,,,
Bachelorette,8,08_DOUG_C,Doug Clerget,R1,,,R,,,ED,,,,,,D12,D1,D8,D6,D3,,,
Bachelorette,8,08_JACKSON_L,Jackson Longnecker,E,,,,,,,,,,,,,,,,,,,
Bachelorette,8,08_JEANPAUL_L,Jean-Paul LaCount,E,,,,,,,,,,,,,,,,,,,
Bachelorette,8,08_JEF_H,Jef Holm,,R,,R,R,,,,,W,,D13,D12,D8,D1,D6,D1,D1,D1,D1
Bachelorette,8,08_JOE_G,Joe Gendreau,,ED,,,,,,,,,,D1,,,,,,,,
Bachelorette,8,08_JOHN_W,John Wolfner,,,,R,,,E,,,,,D13,D12,D2,D8,D6,D1,,,
Bachelorette,8,08_KALON_M,Kalon McMahon,,,,,ED,,,,,,,D13,,D8,D8,,,,,
Bachelorette,8,08_KYLE_D,Kyle Dillon,,E,,,,,,,,,,D13,,,,,,,,
Bachelorette,8,08_LERONE_A,Lerone Anu,E,,,,,,,,,,,,,,,,,,,
Bachelorette,8,08_MICHAEL_N,Michael Nance,,,,E,,,,,,,,D13,D12,,,,,,,
Bachelorette,8,08_NATHAN_B,Nathan Baake,,,,ED,,,,,,,,D13,,D2,,,,,,
Bachelorette,8,08_RANDY_W,Randy Lee Woyak,E,,,,,,,,,,,,,,,,,,,
Bachelorette,8,08_RYAN_B,Ryan Bowers,,R,,,,ED,,,,,,D1,D12,D8,D8,D1,,,,
Bachelorette,8,08_SEAN_L,Sean Lowe,,,R,,R,,R,,E,,,,D12,D8,D1,D6,D3,D1,D1,
Bachelorette,8,08_STEVIE_A,Stevie Alberino,,,E,,,,,,,,,D13,D12,,,,,,,
Bachelorette,8,08_TONY_P,Tony Pieper,,,ED,,,,,,,,,D13,D12,,,,,,,
Bachelorette,8,08_TRAVIS_P,Travis Pope,,,,,,ED,,,,,,,D12,D8,D8,D1,,,,
Bachelor,9,09_AGNESE_P,Agnese Polliza,,,R,,E,,,,,,,D5,D2,D4,D1,,,,,
Bachelor,9,09_ANDREA_S,Andrea Shirley,E,,,,,,,,,,,,,,,,,,,
Bachelor,9,09_APRIL_J,April Jacobs,E,,,,,,,,,,,,,,,,,,,
Bachelor,9,09_BOWE_N,Britt (Bowe) Newton,E,,,,,,,,,,,,,,,,,,,
Bachelor,9,09_CARISSA_I,Carissa Ilburg,E,,,,,,,,,,,,,,,,,,,
Bachelor,9,09_CLAUDIA_G,Claudia Gismondi,E,,,,,,,,,,,,,,,,,,,
Bachelor,9,09_COSETTA_B,Cosetta Blanca,E,,,,,,,,,,,,,,,,,,,
Bachelor,9,09_DESIREE_V,Desiree Valentin,,,,E,,,,,,,,D6,D6,D4,,,,,,
Bachelor,9,09_ELLEN_D,Ellen DeMaio,,E,,,,,,,,,,D5,,,,,,,,
Bachelor,9,09_ELYSE_H,Elyse Hammer,E,,,,,,,,,,,,,,,,,,,
Bachelor,9,09_ERICA_R,Erica Rose,,,ED,,,,,,,,,D5,D2,,,,,,,
Bachelor,9,09_GINA_C,Gina Clark,,,E,,,,,,,,,D6,D6,,,,,,,
Bachelor,9,09_HEATHER_S,Heather Sneed,E,,,,,,,,,,,,,,,,,,,
Bachelor,9,09_JAMI_M,Jami Matzke,,,ED,,,,,,,,,D5,D1,,,,,,,
Bachelor,9,09_JEANETTE_P,Jeanette Pawula,,,R,E,,,,,,,,D6,D6,D4,,,,,,
Bachelor,9,09_JENNIFER_W,Jennifer Wilson,,R,,R,,,W,,,,,D6,D6,D1,D1,D1,D1,,,
Bachelor,9,09_JESSICA_H,Jessica Horner,E,,,,,,,,,,,,,,,,,,,
Bachelor,9,09_KIM_J,Kim Jackson,,E,,,,,,,,,,D6,,,,,,,,
Bachelor,9,09_LAURA_M,Laura Morgan,E,,,,,,,,,,,,,,,,,,,
Bachelor,9,09_LISA_B,Lisa Blank,R1,R,,,,E,,,,,,D1,D6,D4,D1,D1,,,,
Bachelor,9,09_MERI_B,Meri Barr,E,,,,,,,,,,,,,,,,,,,
Bachelor,9,09_RENEE_S,Renee Snell,E,,,,,,,,,,,,,,,,,,,
Bachelor,9,09_RITA_G,Rita Ghazal,E,,,,,,,,,,,,,,,,,,,
Bachelor,9,09_ROSELLA_F,Rosella Fratto,E,,,,,,,,,,,,,,,,,,,
Bachelor,9,09_SADIE_M,Sadie Murray,,R,,R,,,E,,,,,D5,D6,D1,D1,D1,D1,,,
Bachelor,9,09_SARAH_S,Sarah Schnare,,E,,,,,,,,,,D6,,,,,,,,
Bachelor,9,09_TARA_D,Tara Durr,E,,,,,,,,,,,,,,,,,,,
Bachelorette,9,09_BEN_S,Ben Scott,R1,R,,,ED,,,,,,,D14,D10,D10,D2,,,,,
Bachelorette,9,09_BRAD_M,Brad McKinzie,,,,ED,,,,,,,,,D10,D1,,,,,,
Bachelorette,9,09_BRANDON_A,Brandon Andreen,,,E,,,,,,,,,D14,D10,,,,,,,
Bachelorette,9,09_BRIAN_J,Brian Jarosinski,,,EF,,,,,,,,,D14,D10,,,,,,,
Bachelorette,9,09_BROOKS_F,Brooks Forester,,R,,,R,,,,EQ,,,D1,D10,D10,D7,D6,D1,D1,,
Bachelorette,9,09_BRYDEN_V,Bryden Vukasin,R1,R,,,EQ,,,,,,,D1,D5,D10,,,,,,
Bachelorette,9,09_CHRIS_S,Chris Siegfried,,,R,,R,,,,,W,,,D10,D10,D1,D6,D1,D1,D1,D1
Bachelorette,9,09_DAN_C,Dan Cox,,,E,,,,,,,,,D14,D5,,,,,,,
Bachelorette,9,09_DIOGO_C,Diogo Custodio,E,,,,,,,,,,,,,,,,,,,
Bachelorette,9,09_DREW_K,Drew Kenney,R1,,,,,R,R,,,ED,,D14,D10,D10,D7,D1,D2,D1,D1,D1
Bachelorette,9,09_JAMES_C,James Case,,,R,R,,E,,,,,,D14,D5,D1,D7,D6,,,,
Bachelorette,9,09_JONATHAN_V,Jonathan Vollinger,EU,,,,,,,,,,,,,,,,,,,
Bachelorette,9,09_JUAN_G,Juan Pablo Galavis,,,,,,E,,,,,,D14,D5,D10,D7,D6,,,,
Bachelorette,9,09_KASEY_S,Kasey Stewart,,,R,,,E,,,,,,D14,D1,D10,D7,D6,,,,
Bachelorette,9,09_LARRY_B,Larry Burchett,E,,,,,,,,,,,,,,,,,,,
Bachelorette,9,09_MICAH_X,Micah,E,,,,,,,,,,,,,,,,,,,
Bachelorette,9,09_MICHAEL_G,Michael Garofola,R1,,,,R,,E,,,,,D14,D10,D10,D2,D6,D1,,,
Bachelorette,9,09_MIKE_X,Mike,E,,,,,,,,,,,,,,,,,,,
Bachelorette,9,09_MIKEY_T,Mikey Tenerelli,,,,,E,,,,,,,D14,D10,D10,D7,,,,,
Bachelorette,9,09_NICK_M,Nick Mucci,R1,E,,,,,,,,,,D14,,,,,,,,
Bachelorette,9,09_NICK_R,Nick Roy,E,,,,,,,,,,,,,,,,,,,
Bachelorette,9,09_ROBERT_G,Robert Graham,,E,,,,,,,,,,,,,,,,,,
Bachelorette,9,09_WILL_R,Will Reese,,E,,,,,,,,,,D14,,,,,,,,
Bachelorette,9,09_ZACK_K,Zack Kalter,,,,E,,,,,,,,D14,D10,,,,,,,
Bachelorette,9,09_ZAK_W,Zak Waddell,R1,,,R,,R,,E,,,,D14,D5,D10,D7,D1,D2,D1,,
Bachelor,10,10_ALEXIS_Y,Alexis Young,,E,,,,,,,,,,D7,,,,,,,,
Bachelor,10,10_AMANDA_H,Amanda Hackney,,,E,,,,,,,,,D7,D4,,,,,,,
Bachelor,10,10_AMBER_A,Amber Alchalabi,,,,R,,E,,,,,,D7,D5,D1,D4,D1,,,,
Bachelor,10,10_BEVIN_P,Bevin Nicole Powers,,,R,,,,,E,,,,D7,,D4,D4,D1,D1,D1,,
Bachelor,10,10_BLAKENEY_R,Blakeney Rowe,E,,,,,,,,,,,,,,,,,,,
Bachelor,10,10_CANDICE_D,Candice DeCost,E,,,,,,,,,,,,,,,,,,,
Bachelor,10,10_CATHERINE_W,Catherine Warren,E,,,,,,,,,,,,,,,,,,,
Bachelor,10,10_DANIELLE_I,Danielle Imwalle,,,,,,,E,,,,,D7,D4,D4,D4,D1,D1,,,
Bachelor,10,10_DANIELLE_V,Danielle Vallis,E,,,,,,,,,,,,,,,,,,,
Bachelor,10,10_ERIN_P,Erin Parker,,,E,,,,,,,,,D7,D4,,,,,,,
Bachelor,10,10_JACKIE_T,Jackie Topelli,E,,,,,,,,,,,,,,,,,,,
Bachelor,10,10_JEANETTE_A,Jeanette Alvarez,E,,,,,,,,,,,,,,,,,,,
Bachelor,10,10_JESSICA_D,Jessica Devallo,E,,,,,,,,,,,,,,,,,,,
Bachelor,10,10_KATE_B,Kate Brockhouse,,,,E,,,,,,,,D7,D4,D4,,,,,,
Bachelor,10,10_LINDA_M,Linda Malek,E,,,,,,,,,,,,,,,,,,,
Bachelor,10,10_LINDSAY_S,Lindsay Smith,E,,,,,,,,,,,,,,,,,,,
Bachelor,10,10_NICOLE_C,Nicole Clary,,,,E,,,,,,,,D7,D5,D4,,,,,,
Bachelor,10,10_PEYTON_W,Peyton Wright,,,ED,,,,,,,,,D7,D2,,,,,,,
Bachelor,10,10_STEPHANIE_T,Stephanie Tipper,R1,R,,E,,,,,,,,D1,D5,D4,,,,,,
Bachelor,10,10_STEPHANIE_W,Stephanie Wilhite,,,,,E,,,,,,,D7,D5,D4,D1,,,,,
Bachelor,10,10_SUSAN_A,Susan Anderson,,E,,,,,,,,,,D7,,,,,,,,
Bachelor,10,10_TESSA_H,Tessa Horst,,,R,,,,,W,,,,D7,D2,D4,D1,D1,D1,D1,,
Bachelor,10,10_TIFFANY_F,Tiffany Warren,E,,,,,,,,,,,,,,,,,,,
Bachelor,10,10_TIFFANY_W,Tiffany Forester,,E,,,,,,,,,,D7,,,,,,,,
Bachelor,10,10_TINA_W,Tina Wu,,,,,E,,,,,,,D7,D5,D4,D4,,,,,
Bachelorette,10,10_ANDREW_P,Andrew Poole,,,,,E,,,,,,,,D12,D6,D9,,,,,
Bachelorette,10,10_BRADLEY_W,Bradley Wisk,,,E,,,,,,,,,D14,D12,,,,,,,
Bachelorette,10,10_BRETT_M,Brett Melnick,,,E,,,,,,,,,D14,D12,,,,,,,
Bachelorette,10,10_BRIAN_O,Brian Osborne,,,,R,R,,E,,,,,D14,D12,D6,D1,D6,D4,,,
Bachelorette,10,10_CARL_K,Carl King,,E,,,,,,,,,,D14,,,,,,,,
Bachelorette,10,10_CHRIS_S,Chris Soules,,R,,,,R,,,ED,,,D1,,,D9,D6,D4,D1,D1,
Bachelorette,10,10_CODY_S,Cody Sattler,,,,,,ED,,,,,,D14,D12,D6,D9,D1,,,,
Bachelorette,10,10_CRAIG_M,Craig Muhlbauer,,E,,,,,,,,,,D14,,,,,,,,
Bachelorette,10,10_DYLAN_P,Dylan Petitt,,,,R,,,E,,,,,D14,,D1,D9,D6,D4,,,
Bachelorette,10,10_EMIL_S,Emil Schaffroth,E,,,,,,,,,,,,,,,,,,,
Bachelorette,10,10_ERIC_H,Eric Hill,,R,,EU,,,,,,,,D1,D12,D6,,,,,,
Bachelorette,10,10_JASON_L,Jason Leep,E,,,,,,,,,,,,,,,,,,,
Bachelorette,10,10_JJ_O,J.J. O'Brien,,,R,,R,E,,,,,,,D1,,D9,D6,,,,
Bachelorette,10,10_JOSH_B,Josh Bauer,E,,,,,,,,,,,,,,,,,,,
Bachelorette,10,10_JOSH_M,Josh Murray,,,R,,R,,,,,W,,D14,D12,,D1,D6,D1,D1,D1,D1
Bachelorette,10,10_MARCUS_G,Marcus Grodd,,R,,R,,,,E,,,,D14,D12,D1,D9,D6,D1,D1,,
Bachelorette,10,10_MARQUEL_M,Marquel Martin,,,,,E,,,,,,,D14,D12,D6,D9,,,,,
Bachelorette,10,10_MIKE_C,Mike Campanelli,E,,,,,,,,,,,,,,,,,,,
Bachelorette,10,10_NICK_S,Nick Sutter,,E,,,,,,,,,,D14,,,,,,,,
Bachelorette,10,10_NICK_V,Nick Viall,R1,,R,,,R,R,,,EU,,,D1,D6,D9,D1,D4,D1,D1,D1
Bachelorette,10,10_PATRICK_J,Patrick Jagodzinski,,,,,E,,,,,,,D14,D12,,D9,,,,,
Bachelorette,10,10_RON_W,Ron Worrell,,,EQ,,,,,,,,,D14,D12,,,,,,,
Bachelorette,10,10_RUDIE_D,Rudie Dane,E,,,,,,,,,,,,,,,,,,,
Bachelorette,10,10_STEVEN_W,Steven Woolworth,E,,,,,,,,,,,,,,,,,,,
Bachelorette,10,10_TASOS_H,Tasos Hernandez,,,,E,,,,,,,,D14,D12,,,,,,,
Bachelor,11,11_BETTINA_B,Bettina Bell,,,,R,,,E,,,,,D7,D5,D6,D1,D1,D1,,,
Bachelor,11,11_DEANNA_P,Deanna Pappas,,R,,R,,,,E,,,,D7,D6,D2,D4,D1,D1,D1,,
Bachelor,11,11_ERIN_G,Erin Gardner,,E,,,,,,,,,,D7,,,,,,,,
Bachelor,11,11_HILARY_R,Hillary Reisinger,,,R,,E,,,,,,,D7,D1,D6,D4,,,,,
Bachelor,11,11_JADE_B,Jade Beazley,,,,ED,,,,,,,,D7,D5,D2,,,,,,
Bachelor,11,11_JENNI_C,Jenni Croft,R1,,,R,,,,E,,,,D7,D6,D1,D4,D1,D1,D1,,
Bachelor,11,11_JESSICA_K,Jessica Kiss,E,,,,,,,,,,,,,,,,,,,
Bachelor,11,11_JULI_G,Juli Gilliam,E,,,,,,,,,,,,,,,,,,,
Bachelor,11,11_KIM_O,Kim Orville,E,,,,,,,,,,,,,,,,,,,
Bachelor,11,11_KRISTY_K,Kristy Katzmann,,,R,,E,,,,,,,D7,D5,D6,D4,,,,,
Bachelor,11,11_LINDSEY_H,Lindsey Hawkins,,,E,,,,,,,,,D7,D6,,,,,,,
Bachelor,11,11_LORI_L,Lori Langley,E,,,,,,,,,,,,,,,,,,,
Bachelor,11,11_MALLORY_S,Mallory Simons,,E,,,,,,,,,,D7,,,,,,,,
Bachelor,11,11_MCCARTEN_D,McCarten Delaney,,,,E,,,,,,,,D7,D6,D6,,,,,,
Bachelor,11,11_MELISSA_B,Melissa Buschel,E,,,,,,,,,,,,,,,,,,,
Bachelor,11,11_MICHELE_L,Michele Leavy,,EQ,,,,,,,,,,,,,,,,,,
Bachelor,11,11_MORGAN_B,Morgan Becker,E,,,,,,,,,,,,,,,,,,,
Bachelor,11,11_NATALIE_V,Natalie Velasco,E,,,,,,,,,,,,,,,,,,,
Bachelor,11,11_REGINA_D,Regina Doringa,E,,,,,,,,,,,,,,,,,,,
Bachelor,11,11_SARAH_N,Sarah Newlon,,R,E,,,,,,,,,D7,D6,,,,,,,
Bachelor,11,11_SHEENA_S,Sheena Stewart,,,,,,E,,,,,,D7,D5,D6,D1,D1,,,,
Bachelor,11,11_SOLISA_S,Solisa Shoop,,,E,,,,,,,,,D7,D5,,,,,,,
Bachelor,11,11_STEPHY_K,"Estefania ""Stephy"" Kootz",,,R,E,,,,,,,,D7,D6,D6,,,,,,
Bachelor,11,11_SUSAN_S,Susan Stein,E,,,,,,,,,,,,,,,,,,,
Bachelor,11,11_TAUNI_N,Tauni Nessler,E,,,,,,,,,,,,,,,,,,,
Bachelorette,11,11_BEN_H,Ben Higgins,,,R,,R,,,E,,,,D8,D6,D5,D1,D5,D1,D1,,
Bachelorette,11,11_BEN_Z,Ben Zorn,,R,R,,,E,,,,,,D8,D1,D8,D9,D5,,,,
Bachelorette,11,11_BRADLEY_C,Bradley Cox,E,,,,,,,,,,,,,,,,,,,
Bachelorette,11,11_BRADY_T,Brady Toops,EQ,,,,,,,,,,,,,,,,,,,
Bachelorette,11,11_CHRIS_S,Chris Strandburg,,,,R,,,ED,,,,,D7,D6,D5,D9,D5,D1,,,
Bachelorette,11,11_CLINT_A,Clint Arlis,,R,EU,,,,,,,,,D1,D6,,,,,,,
Bachelorette,11,11_COREY_S,Corey Stansell,,,,E,,,,,,,,D8,,D8,,,,,,
Bachelorette,11,11_CORY_S,Cory Shivar,,E,,,,,,,,,,,,,,,,,,
Bachelorette,11,11_DANIEL_F,Daniel Finney,,E,,,,,,,,,,D8,,,,,,,,
Bachelorette,11,11_DAVID_X,David,E,,,,,,,,,,,,,,,,,,,
Bachelorette,11,11_IAN_T,Ian Thomson,,,,,EQ,,,,,,,D7,,D5,D9,,,,,
Bachelorette,11,11_JARED_H,Jared Haibon,,,,R,,R,E,,,,,D8,D6,D1,D9,D5,D1,D1,,
Bachelorette,11,11_JJ_L,J.J. Lane III,,R,,,,ED,,,,,,D7,D6,D8,D9,D2,,,,
Bachelorette,11,11_JOE_B,Joe Bailey,,,,,,R,ED,,,,,D7,D6,D5,,D2,D3,,,
Bachelorette,11,11_JONATHAN_H,Jonathan Holloway,,,,E,,,,,,,,D7,D6,D8,,,,,,
Bachelorette,11,11_JOSH_S,Josh Seiter,E,,,,,,,,,,,,,,,,,,,
Bachelorette,11,11_JOSHUA_A,Joshua Albers,,,,,E,,,,,,,D7,D6,D5,D9,,,,,
Bachelorette,11,11_JUSTIN_R,Justin Reich,,,,R,E,,,,,,,D8,,D8,D9,,,,,
Bachelorette,11,11_KUPAH_J,Kupah James,,EU,,,,,,,,,,D8,,,,,,,,
Bachelorette,11,11_NICK_V,Nick Viall,,,,,R,R,,,E,,,,,,D9,D1,D3,D1,D1,
Bachelorette,11,11_RYAN_B,Ryan Beckett,,,,E,,,,,,,,,D6,D8,,,,,,
Bachelorette,11,11_RYAN_M,Ryan McDill,EF,,,,,,,,,,,,,,,,,,,
Bachelorette,11,11_SHAWN_B,Shawn Booth,R1,,R,,R,,,,W,,,,D6,D8,D1,,D3,D1,D1,
Bachelorette,11,11_SHAWN_E,Shawn Evans,E,,,,,,,,,,,,,,,,,,,
Bachelorette,11,11_TANNER_T,Tanner Tolbert,,,,,,E,,,,,,D8,D6,D8,D9,D5,,,,
Bachelorette,11,11_TONY_H,Tony Harris,,,EQ,,,,,,,,,D7,D6,,,,,,,
Bachelor,12,12_ALYSSA_G,Alyssa Gill,E,,,,,,,,,,,,,,,,,,,
Bachelor,12,12_AMANDA_P,Amanda Petterman,E,,,,,,,,,,,,,,,,,,,
Bachelor,12,12_AMANDA_R,Amanda Rantuccio,R1,,,R,,,E,,,,,D8,D10,D1,D4,D1,D1,,,
Bachelor,12,12_AMY_R,Amy,,,E,,,,,,,,,D7,D10,,,,,,,
Bachelor,12,12_ASHLEE_W,Ashlee Williss,,R,,E,,,,,,,,D8,D10,D6,,,,,,
Bachelor,12,12_CARRI_P,Carri Perrier,,E,,,,,,,,,,D7,,,,,,,,
Bachelor,12,12_CHELSEA_W,Chelsea Wanstrath,,R,,R,,,,E,,,,D7,D10,D6,D1,D1,D1,D1,,
Bachelor,12,12_DENISE_H,Denise Hawthorne,E,,,,,,,,,,,,,,,,,,,
Bachelor,12,12_DEVON_A,Devon Antin,E,,,,,,,,,,,,,,,,,,,
Bachelor,12,12_ERIN_H,Erin Harper,,E,,,,,,,,,,D8,,,,,,,,
Bachelor,12,12_ERIN_S,Erin Storm,,,E,,,,,,,,,D7,D10,,,,,,,
Bachelor,12,12_HOLLY_D,Holly Durst,,,R,ED,,,,,,,,D8,D1,D2,,,,,,
Bachelor,12,12_KELLY_D,Kelly Duncan,,,,E,,,,,,,,D7,D10,D6,,,,,,
Bachelor,12,12_KRISTINE_H,Kristine Heffelfinger,,,E,,,,,,,,,D8,D10,,,,,,,
Bachelor,12,12_LESLEY_G,Lesley Geyer,E,,,,,,,,,,,,,,,,,,,
Bachelor,12,12_MARSHANA_R,Marshana Ritchie,,,,R,E,,,,,,,D8,D10,D2,D4,,,,,
Bachelor,12,12_MICHELE_R,Michele Romero,E,,,,,,,,,,,,,,,,,,,
Bachelor,12,12_MICHELLE_P,Michelle Procopio,,E,,,,,,,,,,D8,,,,,,,,
Bachelor,12,12_NOELLE_D,Noelle Drake,,,,,,E,,,,,,D8,D10,D6,D1,D1,,,,
Bachelor,12,12_REBECCA_L,Rebecca LeBlanc,E,,,,,,,,,,,,,,,,,,,
Bachelor,12,12_ROBIN_C,Robin Canfield,,,R,,E,,,,,,,D7,D10,D6,D4,,,,,
Bachelor,12,12_SHAYNE_L,Shayne Lamas,,,R,,,,,W,,,,D7,D1,D6,D4,D1,D1,D1,,
Bachelor,12,12_STACEY_E,Stacey Elza,E,,,,,,,,,,,,,,,,,,,
Bachelor,12,12_TAMARA_S,Tamara Sketz,E,,,,,,,,,,,,,,,,,,,
Bachelor,12,12_TIFFANY_T,Tiffany Thornburg,E,,,,,,,,,,,,,,,,,,,
Bachelorette,12,12_ALEX_W,Alex Woytkiw,,,,R,,,ED,,,,,D6,D12,D2,D9,D5,D1,,,
Bachelorette,12,12_ALI_Z,Ali Zahiri,,,E,,,,,,,,,D10,D12,,,,,,,
Bachelorette,12,12_BRANDON_H,Brandon Howell,,E,,,,,,,,,,,,,,,,,,
Bachelorette,12,12_CHAD_J,Chad Johnson,,,,ED,,,,,,,,D6,D12,D2,,,,,,
Bachelorette,12,12_CHASE_M,Chase McNary,,,R,,,R,,,ED,,,,D1,D11,D9,D2,D3,D1,D1,
Bachelorette,12,12_CHRISTIAN_B,Christian Bishop,,,E,,,,,,,,,D6,D12,,,,,,,
Bachelorette,12,12_COLEY_K,Coley Knust,E,,,,,,,,,,,,,,,,,,,
Bachelorette,12,12_DANIEL_M,Daniel Maguire,,,,E,,,,,,,,D10,D12,D11,,,,,,
Bachelorette,12,12_DEREK_P,Derek Peth,,R,,,R,ED,,,,,,D1,,D11,D1,D2,,,,
Bachelorette,12,12_EVAN_B,Evan Bass,,,R,,E,,,,,,,D10,D12,D11,D9,,,,,
Bachelorette,12,12_GRANT_K,Grant Kemp,,,,,E,,,,,,,D10,D12,D11,D9,,,,,
Bachelorette,12,12_JAKE_P,Jake Patton,E,,,,,,,,,,,,,,,,,,,
Bachelorette,12,12_JAMES_F,James Fuertes,,,,E,,,,,,,,D10,D12,D11,,,,,,
Bachelorette,12,12_JAMES_S,James Spadafore,,E,,,,,,,,,,,,,,,,,,
Bachelorette,12,12_JAMES_T,James Taylor,,R,R,,,,E,,,,,D6,D1,D11,D9,D5,D3,,,
Bachelorette,12,12_JONATHAN_H,Jonathan Hamilton,E,,,,,,,,,,,,,,,,,,,
Bachelorette,12,12_JORDAN_R,Jordan Rodgers,R1,,,R,R,,,,,W,,D6,D12,D11,D1,D5,D1,D1,D1,D1
Bachelorette,12,12_LUKE_P,Luke Pell,,,,R,,R,,E,,,,D10,,D1,D9,D5,D1,D1,,
Bachelorette,12,12_NICK_B,Nick Benvenutti,,,E,,,,,,,,,D6,D12,,,,,,,
Bachelorette,12,12_NICK_S,Nick Sharp,E,,,,,,,,,,,,,,,,,,,
Bachelorette,12,12_PETER_M,Peter Medina,E,,,,,,,,,,,,,,,,,,,
Bachelorette,12,12_ROBBY_H,Robby Hayes,,,,,R,,R,,,E,,D10,,D11,D9,D5,D3,D1,D1,D1
Bachelorette,12,12_SAL_D,Sal DeJulio,E,,,,,,,,,,,,,,,,,,,
Bachelorette,12,12_VINCENT_V,"Vincent ""Vinny"" Ventiera",,,,,E,,,,,,,D10,D12,D11,D9,,,,,
Bachelorette,12,12_WELLS_A,Wells Adams,,R,,,,ED,,,,,,D10,D12,D11,D9,D1,,,,
Bachelorette,12,12_WILL_H,Will Haduch,,E,,,,,,,,,,D10,,,,,,,,
Bachelor,13,13_ANN_L,Ann Lueders,E,,,,,,,,,,,,,,,,,,,
Bachelor,13,13_DOMINIQUE_C,Dominique Carta,E,,,,,,,,,,,,,,,,,,,
Bachelor,13,13_EMILY_H,Emily Hillis,E,,,,,,,,,,,,,,,,,,,
Bachelor,13,13_ERICA_D,Erica DeSimone,,,E,,,,,,,,,D8,D8,,,,,,,
Bachelor,13,13_JACKIE_H,Jackie Hickey,E,,,,,,,,,,,,,,,,,,,
Bachelor,13,13_JILLIAN_H,Jillian Harris,,R,R,,,,E,,,,,D1,D8,D6,D3,D1,D1,,,
Bachelor,13,13_JULIE_D,Julie Dermotta,E,,,,,,,,,,,,,,,,,,,
Bachelor,13,13_KARI_F,Kari Fajen,,,E,,,,,,,,,D8,,,,,,,,
Bachelor,13,13_LAUREN_W,Lauren Wanger,,,,E,,,,,,,,D8,,D6,,,,,,
Bachelor,13,13_LISA_G,Lisa Gonzalez,,EQ,,,,,,,,,,,,,,,,,,
Bachelor,13,13_MEGAN_P,Megan Parris,R,,,E,,,,,,,,,D8,D6,,,,,,
Bachelor,13,13_MELISSA_R,Melissa Rycroft,,R,,,,,,W,,,,D1,D8,D6,D1,D1,D1,D1,,
Bachelor,13,13_MOLLY_M,Molly Malaney,,R,,R,,,,E,,,,D8,,D1,D3,D1,D1,D1,,
Bachelor,13,13_NAOMI_C,Naomi Rose Crespo,,,,R,,E,,,,,,D8,D8,D6,D1,D1,,,,
Bachelor,13,13_NATALIE_G,Natalie Getz,,,ED,,,,,,,,,D8,D1,,,,,,,
Bachelor,13,13_NICOLE_M,Nicole Mah,E,,,,,,,,,,,,,,,,,,,
Bachelor,13,13_NIKKI_K,"Nicole ""Nikki"" Kaapke",R1,,,ED,,,,,,,,D8,D8,D2,,,,,,
Bachelor,13,13_RAQUEL_M,Raquel Medeiros,,E,,,,,,,,,,,,,,,,,,
Bachelor,13,13_RENEE_S,Renee Simlak,E,,,,,,,,,,,,,,,,,,,
Bachelor,13,13_SHANNON_B,Shannon Bair,,,,E,,,,,,,,,D8,D6,,,,,,
Bachelor,13,13_SHARON_S,Sharon Staebell,,E,,,,,,,,,,D8,,,,,,,,
Bachelor,13,13_SHELBY_G,Shelby Gillespie,E,,,,,,,,,,,,,,,,,,,
Bachelor,13,13_STACIA_M,Stacia Mann,E,,,,,,,,,,,,,,,,,,,
Bachelor,13,13_STEPHANIE_H,Stephanie Hogan,,,R,R,E,,,,,,,,D1,D2,D3,,,,,
Bachelor,13,13_TREASURE_M,Treasure Morgan,E,,,,,,,,,,,,,,,,,,,
Bachelorette,13,13_ADAM_G,Adam Gottschalk,,,,,,,ED,,,,,D10,D8,D13,D9,D7,D3,,,
Bachelorette,13,13_ALEX_B,Alex Bordyukov,,,R,,,E,,,,,,D10,D6,D13,D9,D7,,,,
Bachelorette,13,13_ANTHONY_B,Anthony Battle,,,R,,E,,,,,,,,D1,D13,D9,,,,,
Bachelorette,13,13_BLAKE_E,Blake Elarbee,,E,,,,,,,,,,D8,,,,,,,,
Bachelorette,13,13_BLAKE_K,Blake Killpack,E,,,,,,,,,,,,,,,,,,,
Bachelorette,13,13_BRADY_E,Brady Ervin,,,E,,,,,,,,,,D8,,,,,,,
Bachelorette,13,13_BRYAN_A,Bryan Abasolo,R1,,,R,R,,R,,,W,,,D6,D13,D1,D7,D1,D1,D1,D1
Bachelorette,13,13_BRYCE_P,Bryce Powers,,,E,,,,,,,,,,D8,,,,,,,
Bachelorette,13,13_DEAN_U,Dean Unglert,,R,,R,,,R,E,,,,D8,D8,D1,D9,D7,D1,D1,,
Bachelorette,13,13_DEMARIO_J,DeMario Jackson,,EU,,,,,,,,,,D10,,,,,,,,
Bachelorette,13,13_DIGGY_M,"Kenneth ""Diggy"" Moreland",,,E,,,,,,,,,D10,,,,,,,,
Bachelorette,13,13_ERIC_B,Eric Bigger,,,R,,,R,R,,E,,,D10,D8,D13,D9,D1,D3,D1,D1,
Bachelorette,13,13_FRED_J,Fred Johnson,,,ED,,,,,,,,,D8,D6,,,,,,,
Bachelorette,13,13_GRANT_H,Grant Hubsher,E,,,,,,,,,,,,,,,,,,,
Bachelorette,13,13_IGGY_R,"Ignacio ""Iggy"" Rodriguez",,,,E,,,,,,,,D8,,D13,,,,,,
Bachelorette,13,13_JACK_S,Jack Stone,,,,ED,,,,,,,,D8,D8,D1,,,,,,
Bachelorette,13,13_JAMEY_K,Jamey Kocan,,E,,,,,,,,,,D10,,,,,,,,
Bachelorette,13,13_JEDIDIAH_B,Jedidiah Ballard,E,,,,,,,,,,,,,,,,,,,
Bachelorette,13,13_JONATHAN_T,Jonathan Treece,,,,E,,,,,,,,D8,D6,D13,,,,,,
Bachelorette,13,13_JOSIAH_G,Josiah Graham,,R,,,E,,,,,,,D10,,D13,D9,,,,,
Bachelorette,13,13_KENNY_L,Kenny Layne,,,,,R,ED,,,,,,D8,D8,D13,D2,D7,,,,
Bachelorette,13,13_KYLE_S,Kyle Sherwood,E,,,,,,,,,,,,,,,,,,,
Bachelorette,13,13_LEE_G,Lee Garrett,,,,,ED,,,,,,,D10,D8,D13,D2,,,,,
Bachelorette,13,13_LUCAS_Y,Lucas Yancey,,E,,,,,,,,,,D8,,,,,,,,
Bachelorette,13,13_MATT_M,"Matthew ""Matt"" Munson",,,,,,,ED,,,,,D10,,D13,D9,D7,D3,,,
Bachelorette,13,13_MICHAEL_B,Michael Black,E,,,,,,,,,,,,,,,,,,,
Bachelorette,13,13_MILTON_L,Milton LaCroix,E,,,,,,,,,,,,,,,,,,,
Bachelorette,13,13_MOHIT_S,Mohit Sehgal,E,,,,,,,,,,,,,,,,,,,
Bachelorette,13,13_PETER_K,Peter Kraus,,R,,,,R,R,,,E,,D1,D6,D13,D9,D7,D1,D1,D1,D1
Bachelorette,13,13_ROB_H,"Robert ""Rob"" Howard",E,,,,,,,,,,,,,,,,,,,
Bachelorette,13,13_WILL_G,Will Gaskins,,,,,R,ED,,,,,,D10,D6,D13,D9,D1,,,,
Bachelor,14,14_ALI_F,Ali Fedotowsky,,R,,,,E,,,,,,D1,D8,D6,D1,D1,,,,
Bachelor,14,14_ASHLEIGH_H,Ashleigh Hunt,,,,E,,,,,,,,D6,D8,D6,,,,,,
Bachelor,14,14_ASHLEY_E,Ashley Elmore,,E,,,,,,,,,,D5,,,,,,,,
Bachelor,14,14_CAITLYN_M,Caitlyn McCabe,E,,,,,,,,,,,,,,,,,,,
Bachelor,14,14_CHANNY_C,Channy Choch,E,,,,,,,,,,,,,,,,,,,
Bachelor,14,14_CORRIE_A,Corrie Adamson,,,,,E,,,,,,,D6,D8,D6,D1,,,,,
Bachelor,14,14_CRISTINA_M,Christina McCasland,,E,,,,,,,,,,D6,,,,,,,,
Bachelor,14,14_ELIZABETH_KI,Elizabeth Kitt,,R,E,,,,,,,,,D5,D8,,,,,,,
Bachelor,14,14_ELIZABETH_KR,Elizabeth Kreft,E,,,,,,,,,,,,,,,,,,,
Bachelor,14,14_ELLA_N,Ella Nolan,,,R,ED,,,,,,,,,D1,D2,,,,,,
Bachelor,14,14_EMILY_H,Emily Harkins,E,,,,,,,,,,,,,,,,,,,
Bachelor,14,14_GIA_A,Gia Allemand,,,,R,,,EQ,,,,,D6,,D1,D2,D1,D1,,,
Bachelor,14,14_JESSIE_S,Jessie Sulidis,,,,E,,,,,,,,D5,D8,D6,,,,,,
Bachelor,14,14_KATHRYN_S,Kathryn Sherlock,,,,ED,,,,,,,,D5,D8,D2,,,,,,
Bachelor,14,14_KIMBERLY_S,Kimberly Sullivan,E,,,,,,,,,,,,,,,,,,,
Bachelor,14,14_KIRSTEN_P,Kirsten Pittman,E,,,,,,,,,,,,,,,,,,,
Bachelor,14,14_LEX_M,"Alexa ""Lex"" McAllister",E,,,,,,,,,,,,,,,,,,,
Bachelor,14,14_MICHELLE_K,Michelle Kujawa,,,ED,,,,,,,,,,D8,,,,,,,
Bachelor,14,14_ROZLYN_P,Rozlyn Papa,,EF,,,,,,,,,,D6,,,,,,,,
Bachelor,14,14_SHEILA_L,Sheila Marie Lidner,E,,,,,,,,,,,,,,,,,,,
Bachelor,14,14_STEPHANIE_M,Stephanie Mueller,E,,,,,,,,,,,,,,,,,,,
Bachelor,14,14_TENLEY_M,Tenley Molzahn,R1,,,R,,,,E,,,,,D8,D6,D1,D1,D1,D1,,
Bachelor,14,14_TIANA_K,Tiana Kruzel,E,,,,,,,,,,,,,,,,,,,
Bachelor,14,14_VALISHIA_S,Valishia Savage,,,E,,,,,,,,,D6,,,,,,,,
Bachelor,14,14_VIENNA_G,Vienna Girardi,,,R,,,,,W,,,,D5,D1,D6,D2,D1,D1,D1,,
Bachelor,15,15_ALLI_T,Alli Travis,,,,,,ED,,,,,,D15,D12,D9,D8,D1,,,,
Bachelor,15,15_ASHLEY_H,Ashley Hebert,,R,,,R,,R,,E,,,D1,D12,D9,D2,D6,D3,D1,D1,
Bachelor,15,15_ASHLEY_S,Ashley Spivey,R1,,R,,ED,,,,,,,,D1,D9,D2,,,,,
Bachelor,15,15_BRITNEE_X,Britnee,E,,,,,,,,,,,,,,,,,,,
Bachelor,15,15_BRITT_B,Britt Billmaier,,,,R,,,ED,,,,,D15,D12,D9,D8,D6,D1,,,
Bachelor,15,15_CHANTAL_O,Chantal O'Brien,,,,R,,R,,,,E,,D15,D12,D1,D8,D1,D3,D1,D1,D1
Bachelor,15,15_CRISTY_C,Cristy Caserta,E,,,,,,,,,,,,,,,,,,,
Bachelor,15,15_EMILY_M,Emily Maynard,,R,R,,R,,,,,W,,D15,D1,,D8,D6,D1,D1,D1,D1
Bachelor,15,15_JACKIE_G,Jackie Gordon,,R,,,,E,,,,,,D1,,D9,D8,D6,,,,
Bachelor,15,15_JESSICA_A,"Jessica ""J"" Adams",E,,,,,,,,,,,,,,,,,,,
Bachelor,15,15_JILL_R,Jill Ruskowski,E,,,,,,,,,,,,,,,,,,,
Bachelor,15,15_KELTIE_C,Keltie Colleen,,E,,,,,,,,,,D15,,,,,,,,
Bachelor,15,15_KIMBERLY_C,Kimberly Coon,,,E,,,,,,,,,D15,D12,,,,,,,
Bachelor,15,15_LACEY_G,Lacey Garbelman,E,,,,,,,,,,,,,,,,,,,
Bachelor,15,15_LAUREN_M,Lauren Moore,E,,,,,,,,,,,,,,,,,,,
Bachelor,15,15_LINDSAY_H,Lindsay Hill,,,,E,,,,,,,,,D12,D9,,,,,,
Bachelor,15,15_LISA_M,Lisa Morrisey,,,,,E,,,,,,,D15,D12,D9,D8,,,,,
Bachelor,15,15_LISA_P,Lisa Pastrich,E,,,,,,,,,,,,,,,,,,,
Bachelor,15,15_MADISON_G,Madison Garton,,,EQ,,,,,,,,,D15,,,,,,,,
Bachelor,15,15_MARISSA_M,Marissa May,,,,,E,,,,,,,D15,D12,,D8,,,,,
Bachelor,15,15_MEGHAN_M,Meghan Merritt,,,,E,,,,,,,,D15,,D9,,,,,,
Bachelor,15,15_MELISSA_S,Melissa Schreiber,,E,,,,,,,,,,D15,,,,,,,,
Bachelor,15,15_MICHELLE_M,Michelle Money,,R,,R,,,E,,,,,D15,D12,D1,D8,D6,D3,,,
Bachelor,15,15_RAICHEL_G,Raichel Goodyear,,E,,,,,,,,,,D15,,,,,,,,
Bachelor,15,15_REBECCA_X,Rebecca,E,,,,,,,,,,,,,,,,,,,
Bachelor,15,15_RENEE_H,Renee Halpin,E,,,,,,,,,,,,,,,,,,,
Bachelor,15,15_SARAH_L,Sarah Ledtke,E,,,,,,,,,,,,,,,,,,,
Bachelor,15,15_SARAH_P,Sarah Powell,,,E,,,,,,,,,,D12,,,,,,,
Bachelor,15,15_SHAWNTEL_N,Shawntel Newton,,,R,,R,,,E,,,,D15,D12,,D1,D6,D1,D1,,
Bachelor,15,15_STACEY_Q,Stacey Quirpel,,,,E,,,,,,,,D15,D12,D9,,,,,,
Bachelor,16,16_AMBER_B,Amber Bacon,E,,,,,,,,,,,,,,,,,,,
Bachelor,16,16_AMBER_T,Amber Tierney,E,,,,,,,,,,,,,,,,,,,
Bachelor,16,16_ANNA_S,Anna Snowball,E,,,,,,,,,,,,,,,,,,,
Bachelor,16,16_BLAKELEY_J,Blakeley Jones,,R,,,,ED,,,,,,D12,D11,D8,D9,D2,,,,
Bachelor,16,16_BRITTNEY_S,Brittney Schreiner,,,EQ,,,,,,,,,D12,,,,,,,,
Bachelor,16,16_CASEY_S,Casey Shteamer,,,,,,EF,,,,,,,D11,D8,D9,D6,,,,
Bachelor,16,16_COURTNEY_R,Courtney Robertson,,R,,R,,,,,,W,,D1,,D8,D9,D6,D1,D1,D1,D1
Bachelor,16,16_DIANNA_M,Dianna Martinez,E,,,,,,,,,,,,,,,,,,,
Bachelor,16,16_ELYSE_M,Elyse Myers,,,,,ED,,,,,,,,D11,,D1,,,,,
Bachelor,16,16_EMILY_O,Emily O'Brien,,,R,,,,E,,,,,D12,D1,,D9,D6,D1,,,
Bachelor,16,16_ERIKA_U,Erika Uhlig,,,E,,,,,,,,,,D11,,,,,,,
Bachelor,16,16_HOLLY_J,Holly Johnson,E,,,,,,,,,,,,,,,,,,,
Bachelor,16,16_JACLYN_S,Jaclyn Swartz,,,E,,,,,,,,,D12,D11,,,,,,,
Bachelor,16,16_JAMIE_O,Jamie Otis,,,,,,E,,,,,,D12,D11,D8,D9,D6,,,,
Bachelor,16,16_JENNA_B,Jenna Burke,,E,,,,,,,,,,D12,,,,,,,,
Bachelor,16,16_JENNIFER_F,Jennifer Fritsch,,,,R,E,,,,,,,D12,,D1,D9,,,,,
Bachelor,16,16_KACIE_B,Kacie Boguskie,,R,,,R,R,R,E,,,,D1,D11,D8,D9,D1,D3,D1,,
Bachelor,16,16_LINDZI_C,Lindzi Cox,R1,,R,,,R,,,,E,,,D1,D8,D9,D6,D1,D1,D1,D1
Bachelor,16,16_LYNDSIE_J,Lyndsie James,E,,,,,,,,,,,,,,,,,,,
Bachelor,16,16_MONICA_S,Monica Spannbauer,,,,E,,,,,,,,D12,D11,,,,,,,
Bachelor,16,16_NICKI_S,Nicki Sterling,,,,,R,,,,E,,,D12,D11,D8,D1,D6,D3,D1,D1,
Bachelor,16,16_RACHEL_T,Rachel Truehart,,,R,R,,R,E,,,,,D12,D11,D1,D9,D2,D3,,,
Bachelor,16,16_SAMANTHA_L,Samantha Levey,,,,EQ,,,,,,,,D12,D11,D8,,,,,,
Bachelor,16,16_SHAWN_R,Shawn Reynolds,,E,,,,,,,,,,D12,,,,,,,,
Bachelor,16,16_SHIRA_A,Shira Astrof,E,,,,,,,,,,,,,,,,,,,
Bachelor,17,17_AMANDA_M,Amanda Meyer,,,,E,,,,,,,,D13,D12,D8,,,,,,
Bachelor,17,17_ASHLEE_F,AshLee Frazier,R1,,R,,,,,,E,,,,D1,D8,D8,D7,D1,D1,D1,
Bachelor,17,17_ASHLEY_H,Ashley Harper,E,,,,,,,,,,,,,,,,,,,
Bachelor,17,17_ASHLEY_P,Ashley Palenkas,E,,,,,,,,,,,,,,,,,,,
Bachelor,17,17_BROOKE_B,Brooke Burchette,R1,E,,,,,,,,,,D13,,,,,,,,
Bachelor,17,17_CATHERINE_G,Catherine Giudici,R1,,,,,R,,,,W,,D13,D12,D8,D8,D1,D3,D1,D1,D1
Bachelor,17,17_DANIELLA_M,Daniella McBride,,,,,R,E,,,,,,D13,D12,,D8,D7,,,,
Bachelor,17,17_DESIREE_H,Desiree Hartsock,R1,R,,,,R,,E,,,,D1,D12,,D8,D1,D3,D1,,
Bachelor,17,17_DIANA_W,Diana Weeks Willardson,R1,E,,,,,,,,,,D13,,,,,,,,
Bachelor,17,17_JACKIE_P,Jackie Parr,R1,,,,ED,,,,,,,,D12,D8,D2,,,,,
Bachelor,17,17_KACIE_B,Kacie Boguskie,,R,E,,,,,,,,,D13,D12,,,,,,,
Bachelor,17,17_KATIE_L,Katie Levans,R1,EQ,,,,,,,,,,D13,,,,,,,,
Bachelor,17,17_KELLY_D,Kelly Dutton,E,,,,,,,,,,,,,,,,,,,
Bachelor,17,17_KERIANN_M,Keriann Miranda,E,,,,,,,,,,,,,,,,,,,
Bachelor,17,17_KRISTY_K,Kristy Kaminski,,,E,,,,,,,,,D13,D12,,,,,,,
Bachelor,17,17_LACEY_L,Lacey Latka,E,,,,,,,,,,,,,,,,,,,
Bachelor,17,17_LAUREN_M,Lauren Marchetti,E,,,,,,,,,,,,,,,,,,,
Bachelor,17,17_LESLEY_M,Lesley Murphy,,,R,,,R,E,,,,,D13,D1,,D8,D7,D1,,,
Bachelor,17,17_LESLIE_H,Leslie Hughes,R1,,,ED,,,,,,,,,D12,D1,,,,,,
Bachelor,17,17_LINDSAY_Y,Lindsay Yenter,,,R,,R,,R,,,E,,,D12,D8,D1,D7,D3,D1,D1,D1
Bachelor,17,17_PAIGE_V,Paige Vigil,E,,,,,,,,,,,,,,,,,,,
Bachelor,17,17_ROBYN_H,Robyn Howard,R1,,,,E,,,,,,,D13,D12,D8,D8,,,,,
Bachelor,17,17_SARAH_H,Sarah Herron,R1,R,,,,EU,,,,,,D1,,D8,D8,D7,,,,
Bachelor,17,17_SELMA_A,Selma Alameri,R1,,,R,,E,,,,,,D13,,D1,D8,D7,,,,
Bachelor,17,17_TARYN_D,Taryn Renee Daniels,,,E,,,,,,,,,D13,D12,,,,,,,
Bachelor,17,17_TIERRA_L,Tierra LiCausi,R1,,,R,R,,EU,,,,,D13,D12,D8,D2,D7,,,,
Bachelor,18,18_ALEXIS_M,Alexis Morgado,E,,,,,,,,,,,,,,,,,,,
Bachelor,18,18_ALLI_R,Alli Restko,,,,,E,,,,,,,D13,D10,D6,D9,,,,,
Bachelor,18,18_AMY_J,Amy Jokinen,E,,,,,,,,,,,,,,,,,,,
Bachelor,18,18_AMY_L,Amy Long,,E,,,,,,,,,,,,,,,,,,
Bachelor,18,18_ANDI_D,Andi Dorfman,,,,R,,R,R,,EQ,,,D13,D10,D6,D9,D1,D4,D1,D1,
Bachelor,18,18_ASHLEY_P,Ashley Poe,E,,,,,,,,,,,,,,,,,,,
Bachelor,18,18_CASSANDRA_F,Cassandra Ferguson,,,R,,,ED,,,,,,D13,D1,D6,D9,D6,,,,
Bachelor,18,18_CHANTEL_F,Chantel Forrest,,E,,,,,,,,,,D13,,,,,,,,
Bachelor,18,18_CHELSIE_W,Chelsie Webster,,,R,,,,E,,,,,D13,D1,D6,D9,D6,D4,,,
Bachelor,18,18_CHRISTINE_L,Christine Llano,E,,,,,,,,,,,,,,,,,,,
Bachelor,18,18_CHRISTY_H,Christy Hansen,,,E,,,,,,,,,D13,D10,,,,,,,
Bachelor,18,18_CLARE_C,Clare Crawley,,R,,,R,R,,,,E,,D1,,D6,D9,D1,D4,D1,D1,D1
Bachelor,18,18_DANIELLE_R,Danielle Ronco,,,,,E,,,,,,,,D10,D6,D9,,,,,
Bachelor,18,18_ELISE_M,Elise Mosca,,,,E,,,,,,,,D13,,D6,,,,,,
Bachelor,18,18_KAT_H,Kat Hurd,,R,,,,E,,,,,,D1,,D6,D9,D6,,,,
Bachelor,18,18_KELLY_T,Kelly Travis,,R,,,E,,,,,,,D13,D10,D6,D9,,,,,
Bachelor,18,18_KYLIE_L,Kylie Lewis,E,,,,,,,,,,,,,,,,,,,
Bachelor,18,18_LACY_F,Lacy Faddoul,E,,,,,,,,,,,,,,,,,,,
Bachelor,18,18_LAUREN_H,Lauren Higginson,E,,,,,,,,,,,,,,,,,,,
Bachelor,18,18_LAUREN_S,Lauren Solomon,,,,E,,,,,,,,D13,D10,D6,,,,,,
Bachelor,18,18_LUCY_A,"Lucinda ""Lucy"" Aragon",,,E,,,,,,,,,D13,D10,,,,,,,
Bachelor,18,18_MAGGIE_G,Maggie Gantt,E,,,,,,,,,,,,,,,,,,,
Bachelor,18,18_NIKKI_F,Nikki Ferrell,,,R,R,R,,,,,W,,D13,D10,D6,D1,D6,D1,D1,D1,D1
Bachelor,18,18_RENEE_O,Renee Oteri,,,,,R,,,E,,,,D13,D10,D6,D1,D6,D4,D1,,
Bachelor,18,18_SHARLEEN_J,Sharleen Joynt,R1,,,R,,R,EQ,,,,,,D10,D1,D9,D6,D1,,,
Bachelor,18,18_VALERIE_E,Valerie Eredia,E,,,,,,,,,,,,,,,,,,,
Bachelor,18,18_VICTORIA_L,Victoria Lima,,EU,,,,,,,,,,D13,,,,,,,,
Bachelor,19,19_ALISSA_G,Alissa Giambrone,,E,,,,,,,,,,D11,,,,,,,,
Bachelor,19,19_AMANDA_G,Amanda Goerlitz,E,,,,,,,,,,,,,,,,,,,
Bachelor,19,19_AMBER_J,Amber James,,,E,,,,,,,,,D11,D12,,,,,,,
Bachelor,19,19_ASHLEY_I,Ashley Iaconetti,,,,,,ED,,,,,,D6,,D8,D9,D2,,,,
Bachelor,19,19_ASHLEY_S,Ashley Salter,,,,E,,,,,,,,D11,D12,D8,,,,,,
Bachelor,19,19_BECCA_T,Becca Tilley,,,R,,,R,,,,E,,D11,D12,D6,D9,D1,D1,D1,D1,D1
Bachelor,19,19_BO_S,Bo Stanley,E,,,,,,,,,,,,,,,,,,,
Bachelor,19,19_BRITT_N,Britt Nilsson,R1,,,,R,R,E,,,,,D11,D12,D6,D1,D6,D3,,,
Bachelor,19,19_BRITTANY_F,Brittany Fetkin,E,,,,,,,,,,,,,,,,,,,
Bachelor,19,19_CARLY_W,Carly Waddell,,,,,R,,E,,,,,,D12,D6,D1,D6,D3,,,
Bachelor,19,19_JADE_R,Jade Roper,,,,R,,,,E,,,,D6,,D1,D9,D6,D1,D1,,
Bachelor,19,19_JILLIAN_A,Jillian Anderson,,,,ED,,,,,,,,D11,D12,D6,,,,,,
Bachelor,19,19_JORDAN_B,Jordan Branch,,E,,,,,,,,,,,,,,,,,,
Bachelor,19,19_JUELIA_K,Juelia Kinney,,,,E,,,,,,,,D11,D12,D8,,,,,,
Bachelor,19,19_KAITLYN_B,Kaitlyn Bristowe,,R,R,R,,,R,,E,,,D11,D1,D8,D9,D6,D3,D1,D1,
Bachelor,19,19_KARA_W,Kara Wilson,E,,,,,,,,,,,,,,,,,,,
Bachelor,19,19_KELSEY_P,Kelsey Poe,,,,,,ED,,,,,,D11,D12,D8,D9,D2,,,,
Bachelor,19,19_KIMBERLY_S,Kimberly Sherbach,E,,,,,,,,,,,D6,,,,,,,,
Bachelor,19,19_MACKENZIE_D,Mackenzie Deonigi,,R,,,E,,,,,,,D6,D12,D8,D9,,,,,
Bachelor,19,19_MEGAN_B,Megan Bell,,R,,,,EQ,,,,,,D1,,D8,D9,D6,,,,
Bachelor,19,19_MICHELLE_D,Michelle Davis,E,,,,,,,,,,,,,,,,,,,
Bachelor,19,19_NICOLE_M,Nicole Meacham,E,,,,,,,,,,,,,,,,,,,
Bachelor,19,19_NIKKI_D,Nikki Delventhal,,,,E,,,,,,,,,D12,D6,,,,,,
Bachelor,19,19_REEGAN_C,Reegan Cornwell,E,,,,,,,,,,,,,,,,,,,
Bachelor,19,19_SAMANTHA_S,Samantha Steffen,,,,,E,,,,,,,,D12,D8,D9,,,,,
Bachelor,19,19_TANDRA_S,Tandra Steiner,,E,,,,,,,,,,D6,,,,,,,,
Bachelor,19,19_TARA_E,Tara Eddings,,E,,,,,,,,,,D6,,,,,,,,
Bachelor,19,19_TRACY_D,Tracy Darakis,,,E,,,,,,,,,D11,D12,,,,,,,
Bachelor,19,19_TRINA_S,Trina Scherenberg,,,E,,,,,,,,,D11,,,,,,,,
Bachelor,19,19_WHITNEY_B,Whitney Bischoff,,,R,,R,,,,,W,,,D1,D6,D9,D6,D1,D1,D1,D1
Bachelor,20,20_AMANDA_S,Amanda Stanton,,,,,R,R,R,E,,,,D6,D12,D12,D1,D7,D3,D1,,
Bachelor,20,20_AMBER_J,Amber James,,,R,E,,,,,,,,D10,D12,D12,,,,,,
Bachelor,20,20_BECCA_T,Becca Tilley,,,,R,,,E,,,,,D10,,D1,D9,D7,D3,,,
Bachelor,20,20_BREANNE_R,Breanne Rice,E,,,,,,,,,,,,,,,,,,,
Bachelor,20,20_CAILA_Q,Caila Quinn,,R,,,,R,,,EU,,,D1,,D12,D9,D1,D3,D1,D1,
Bachelor,20,20_EMILY_F,Emily Ferguson,,,,,,R,ED,,,,,D6,D12,D12,D9,D2,D1,,,
Bachelor,20,20_HAYLEY_F,Haley Ferguson,,,,ED,,,,,,,,D6,D12,D12,,,,,,
Bachelor,20,20_IZZY_G,"Isabel ""Izzy"" Goodkind",E,,,,,,,,,,,,,,,,,,,
Bachelor,20,20_JACKIE_D,"Jacqueline ""Jackie"" Dion",,E,,,,,,,,,,D10,,,,,,,,
Bachelor,20,20_JAMI_L,Jami Letain,,,E,,,,,,,,,,D12,,,,,,,
Bachelor,20,20_JENNIFER_S,Jennifer Saviano,,,,,E,,,,,,,D10,D12,D12,D9,,,,,
Bachelor,20,20_JESSICA_M,Jessica Moser,E,,,,,,,,,,,,,,,,,,,
Bachelor,20,20_JOJO_F,"Joelle ""JoJo"" Fletcher",,R,,R,,,,,,E,,D10,,D1,D9,D7,D1,D1,D1,D1
Bachelor,20,20_JUBILEE_S,Jubilee Sharpe,,,R,,ED,,,,,,,D10,D1,D12,D9,,,,,
Bachelor,20,20_LACE_M,Lace Morris,,,EQ,,,,,,,,,D10,D12,,,,,,,
Bachelor,20,20_LAURA_E,Laura Esselman,E,,,,,,,,,,,,,,,,,,,
Bachelor,20,20_LAUREN_B,Lauren Bushnell,,,R,R,,,,,,W,,,D1,D12,D9,D7,D1,D1,D1,D1
Bachelor,20,20_LAUREN_H,Lauren Himle,,,,,R,E,,,,,,D10,D12,D12,D1,D7,,,,
Bachelor,20,20_LAUREN_R,Lauren Russell,E,,,,,,,,,,,,,,,,,,,
Bachelor,20,20_LB_B,"Lauren ""LB"" Barr",,EQ,,,,,,,,,,D10,,,,,,,,
Bachelor,20,20_LEAH_B,Leah Block,,,,,,EU,,,,,,,D12,D12,D9,D7,,,,
Bachelor,20,20_MAEGAN_M,Maegan Miller,E,,,,,,,,,,,,,,,,,,,
Bachelor,20,20_MANDI_K,"Amanda ""Mandi"" Kremer",,E,,,,,,,,,,D10,,,,,,,,
Bachelor,20,20_OLIVIA_C,Olivia Caridi,R1,R,,,R,ED,,,,,,D6,D12,D12,D9,D2,,,,
Bachelor,20,20_RACHEL_T,Rachel Tchen,,,,E,,,,,,,,,D12,D12,,,,,,
Bachelor,20,20_SAMANTHA_P,Samantha Passmore,,E,,,,,,,,,,D6,,,,,,,,
Bachelor,20,20_SHUSHANNA_M,Shushanna Mkrtychyan,,,E,,,,,,,,,D6,D12,,,,,,,
Bachelor,20,20_TIARA_S,Tiara Soleim,E,,,,,,,,,,,,,,,,,,,
Bachelor,21,21_ALEXIS_W,Alexis Waters,,,,,E,,,,,,,D12,D7,D13,D10,,,,,
Bachelor,21,21_ANGELA_A,Angela Amezcua,E,,,,,,,,,,,,,,,,,,,
Bachelor,21,21_ASTRID_L,Astrid Loch,,,,E,,,,,,,,D6,D7,D13,,,,,,
Bachelor,21,21_BRIANA_G,Briana Guertler,E,,,,,,,,,,,,,,,,,,,
Bachelor,21,21_BRITTANY_F,Brittany Farrar,,,E,,,,,,,,,D12,D7,,,,,,,
Bachelor,21,21_CHRISTEN_W,Christen Whitney,,R,E,,,,,,,,,D6,D7,,,,,,,
Bachelor,21,21_CORRINE_O,Corinne Olympios,,R,,,R,,,E,,,,D12,D7,D13,D2,D6,D3,D1,,
Bachelor,21,21_DANIELLE_L,Danielle Lombard,,,R,R,,ED,,,,,,D12,D7,D1,D10,D2,,,,
Bachelor,21,21_DANIELLE_M,Danielle Maltby,,R,,,,,ED,,,,,D1,,D13,D10,D6,D1,,,
Bachelor,21,21_DOMINIQUE_A,Dominique Alexis,,,ED,,,,,,,,,,D7,,,,,,,
Bachelor,21,21_ELIZABETH_W,Elizabeth Whitelaw,,E,,,,,,,,,,D12,,,,,,,,
Bachelor,21,21_HAILEY_M,Hailey Merkt,,E,,,,,,,,,,D12,,,,,,,,
Bachelor,21,21_IDA_D,Ida Marie DeLosSantos,E,,,,,,,,,,,,,,,,,,,
Bachelor,21,21_JAIMI_K,Jaimi King,,,,,E,,,,,,,D6,D7,D13,D10,,,,,
Bachelor,21,21_JASMINE_B,Jasmine Brown,E,,,,,,,,,,,,,,,,,,,
Bachelor,21,21_JASMINE_G,Jasmine Goode,,,,,,ED,,,,,,D12,D7,D13,D10,D6,,,,
Bachelor,21,21_JOSEPHINE_T,Josephine Tutman,,,,,E,,,,,,,D6,,D13,D10,,,,,
Bachelor,21,21_KRISTINA_S,Kristina Schulman,,,,R,R,R,EQ,,,,,D6,D7,D13,D10,D1,D3,,,
Bachelor,21,21_LACEY_M,Lacey Mark,,E,,,,,,,,,,D12,,,,,,,,
Bachelor,21,21_LAUREN_H,Lauren Hussey,E,,,,,,,,,,,,,,,,,,,
Bachelor,21,21_LIZ_S,"Elizabeth ""Liz"" Sandoz",,ED,,,,,,,,,,D6,,,,,,,,
Bachelor,21,21_MICHELLE_R,Michelle Ramkissoon,E,,,,,,,,,,,,,,,,,,,
Bachelor,21,21_OLIVIA_B,Olivia Burnette,E,,,,,,,,,,,,,,,,,,,
Bachelor,21,21_RACHEL_L,Rachel Lindsay,R1,,R,,R,,,,E,,,,D7,D13,D1,D6,D1,D1,D1,
Bachelor,21,21_RAVEN_G,Raven Gates,,,,R,,R,R,,,E,,D12,,D1,D10,D6,D3,D1,D1,D1
Bachelor,21,21_SARAH_V,Sarah Vendal,,,,E,,,,,,,,D12,D7,D13,,,,,,
Bachelor,21,21_SUSANNAH_M,Susannah Milan,E,,,,,,,,,,,,,,,,,,,
Bachelor,21,21_TAYLOR_N,Taylor Nolan,,,,,ED,,,,,,,D12,D7,D13,D2,,,,,
Bachelor,21,21_VANESSA_G,Vanessa Grimaldi,,,R,,,,,,,W,,D12,D1,D13,D10,D6,D1,D1,D1,D1
Bachelor,21,21_WHITNEY_F,Whitney Fransway,,,,,,ED,,,,,,,D7,D13,D10,D2,,,,
Bachelor,22,22_BECCA_K,"Rebecca ""Becca"" Kufrin",,R,,,,,R,,,W,,D1,D7,D12,D11,D6,D1,D1,D1,D1
Bachelor,22,22_LAUREN_B,Lauren Burnham,,,,,R,R,R,,,E,,,D8,D12,D11,D1,D1,D1,D1,D1
Bachelor,22,22_KENDALL_L,Kendall Long,,,,,,R,R,,EU,,,D15,,D12,D11,D2,D3,D1,D1,
Bachelor,22,22_TIA_B,Tia Booth,,,,R,R,,R,E,,,,D15,D8,D12,D1,D6,D3,D1,,
Bachelor,22,22_BEKAH_M,"Rebekah ""Bekah"" Martinez",,,R,R,,R,ED,,,,,D15,D8,D1,D11,D6,D3,,,
Bachelor,22,22_SEINNE_F,Seinne Fleming,,R,,R,,,ED,,,,,D15,,D1,D11,D6,D1,,,
Bachelor,22,22_JACQUELINE_T,Jacqueline Trumbull,,,,,,R,EQ,,,,,,D8,D12,D11,D1,,,,
Bachelor,22,22_CHELSEA_R,Chelsea Roy,R1,,R,,R,E,,,,,,D15,D7,D12,D1,D6,,,,
Bachelor,22,22_JENNA_C,Jenna Cooper,,,,,,E,,,,,,D15,D7,D12,D11,D6,,,,
Bachelor,22,22_KRYSTAL_N,Krystal Nielson,,R,,,,ED,,,,,,D1,D8,D12,D11,D2,,,,
Bachelor,22,22_ASHLEY_L,Ashley Luebke,,,,,E,,,,,,,,D7,D12,D11,,,,,
Bachelor,22,22_MAQUEL_C,Maquel Cooper,,,,,E,,,,,,,D15,D8,,D11,,,,,
Bachelor,22,22_MARIKH_M,Marikh Mathias,,,,,E,,,,,,,D15,D8,D12,D11,,,,,
Bachelor,22,22_BRITTANY_T,Brittany Taylor,,,,E,,,,,,,,D15,D7,D12,,,,,,
Bachelor,22,22_CAROLINE_L,Caroline Lunny,,,,E,,,,,,,,D15,D7,D12,,,,,,
Bachelor,22,22_BIBIANA_J,Bibiana Julian,,,E,,,,,,,,,D15,D8,,,,,,,
Bachelor,22,22_ANNALIESE_P,Annaliese Puccini,,,EU,,,,,,,,,D15,D7,,,,,,,
Bachelor,22,22_LAUREN_S,Lauren Schleyer,,,ED,,,,,,,,,,D1,,,,,,,
Bachelor,22,22_JENNY_D,"Jennifer ""Jenny"" Delaney",,E,,,,,,,,,,D15,,,,,,,,
Bachelor,22,22_LAUREN_G,Lauren Griffin,,E,,,,,,,,,,D15,,,,,,,,
Bachelor,22,22_VALERIE_B,Valerie Biles,,E,,,,,,,,,,D15,,,,,,,,
Bachelor,22,22_ALI_H,Ali Harrington,E,,,,,,,,,,,,,,,,,,,
Bachelor,22,22_AMBER_W,Amber Wilkerson,E,,,,,,,,,,,,,,,,,,,
Bachelor,22,22_BRI_A,"Brianna ""Bri"" Amaranthus",E,,,,,,,,,,,,,,,,,,,
Bachelor,22,22_BRITTANE_J,Brittane Johnson,E,,,,,,,,,,,,,,,,,,,
Bachelor,22,22_JESSICA_C,Jessica Carroll,E,,,,,,,,,,,,,,,,,,,
Bachelor,22,22_LAUREN_J,Lauren Jarreau,E,,,,,,,,,,,,,,,,,,,
Bachelor,22,22_NYSHA_N,"D'Nysha ""Nysha"" Norris",E,,,,,,,,,,,,,,,,,,,
Bachelor,22,22_OLIVIA_G,Olivia Goethals,E,,,,,,,,,,,,,,,,,,,